,he1,hi1,b1,h1,he2,hi2,b2,h2,he3,hi3,b3,h3,T,Weight,Mstar,Part Factor
0,0.25,0.39999999999999997,0.3,0.6,0.25,0.39999999999999997,0.3,0.6,0.25,0.39999999999999997,0.25,0.55,0.8046926367334973,262.5899658203125,107.06081994566735,1.2216979890699182
1,0.25,0.44999999999999996,0.25,0.5,0.25,0.44999999999999996,0.25,0.5,0.25,0.39999999999999997,0.25,0.45,0.8095450281569024,225.7774658203125,99.26234634817095,1.2657669071146154
2,0.25,0.44999999999999996,0.25,0.5,0.25,0.44999999999999996,0.25,0.5,0.25,0.39999999999999997,0.25,0.5,0.7985435016484502,230.4649658203125,99.59050316961475,1.2643065918852487
3,0.25,0.44999999999999996,0.25,0.5,0.25,0.44999999999999996,0.25,0.5,0.25,0.44999999999999996,0.25,0.45,0.8031163001364032,232.1524658203125,100.94649057592476,1.2529008942186568
4,0.25,0.44999999999999996,0.25,0.5,0.25,0.44999999999999996,0.25,0.5,0.25,0.44999999999999996,0.25,0.5,0.7922196832444747,236.8399658203125,101.32153601485285,1.2510087338242752
5,0.25,0.44999999999999996,0.25,0.55,0.25,0.44999999999999996,0.25,0.55,0.25,0.39999999999999997,0.25,0.5,0.764250065581602,239.8399658203125,100.51041630048857,1.2608329662311695
6,0.25,0.44999999999999996,0.25,0.55,0.25,0.44999999999999996,0.25,0.55,0.25,0.39999999999999997,0.25,0.55,0.7561135399194031,244.5274658203125,100.7698469585307,1.2596852291677674
7,0.25,0.44999999999999996,0.25,0.55,0.25,0.44999999999999996,0.25,0.55,0.25,0.44999999999999996,0.25,0.5,0.7577599042282983,246.2149658203125,102.54280139865402,1.2449551049599377
8,0.25,0.44999999999999996,0.25,0.55,0.25,0.44999999999999996,0.25,0.55,0.25,0.44999999999999996,0.25,0.55,0.7496780487980276,250.9024658203125,102.84872576157977,1.2433897051667782
9,0.25,0.44999999999999996,0.25,0.6,0.25,0.44999999999999996,0.25,0.6,0.25,0.39999999999999997,0.25,0.55,0.7290463859094861,253.9024658203125,101.53469555842267,1.2568600854588754
10,0.25,0.44999999999999996,0.25,0.6,0.25,0.44999999999999996,0.25,0.6,0.25,0.44999999999999996,0.25,0.55,0.7224163364784019,260.2774658203125,103.89874962061629,1.2381391077922048
11,0.25,0.44999999999999996,0.3,0.5,0.25,0.44999999999999996,0.3,0.5,0.25,0.39999999999999997,0.25,0.45,0.7857937297088406,244.5274658203125,99.87263750274478,1.2634542657591765
12,0.25,0.44999999999999996,0.3,0.5,0.25,0.44999999999999996,0.3,0.5,0.25,0.39999999999999997,0.25,0.5,0.7763411973504551,249.2149658203125,100.17387791807657,1.2620961287236327
13,0.25,0.44999999999999996,0.3,0.5,0.25,0.44999999999999996,0.3,0.5,0.25,0.44999999999999996,0.25,0.45,0.7792651550372863,250.9024658203125,101.75369777732382,1.2489032143160086
14,0.25,0.44999999999999996,0.3,0.5,0.25,0.44999999999999996,0.3,0.5,0.25,0.44999999999999996,0.25,0.5,0.7699182863260657,255.5899658203125,102.09491810796926,1.2471680556599707
15,0.25,0.44999999999999996,0.3,0.55,0.25,0.44999999999999996,0.3,0.55,0.25,0.39999999999999997,0.25,0.5,0.7439113002800778,260.4649658203125,101.0629289883583,1.2587967336277366
16,0.25,0.44999999999999996,0.3,0.55,0.25,0.44999999999999996,0.3,0.55,0.25,0.39999999999999997,0.25,0.55,0.7369444876797488,265.1524658203125,101.30088424610373,1.257725288821146
17,0.25,0.44999999999999996,0.3,0.55,0.25,0.44999999999999996,0.3,0.55,0.25,0.44999999999999996,0.25,0.5,0.7372856131968604,266.8399658203125,103.30056151155301,1.2411720263879928
18,0.25,0.44999999999999996,0.3,0.55,0.25,0.44999999999999996,0.3,0.55,0.25,0.44999999999999996,0.25,0.55,0.7303772287521326,271.5274658203125,103.57831593492543,1.2397372840127938
19,0.25,0.44999999999999996,0.3,0.6,0.25,0.44999999999999996,0.3,0.6,0.25,0.39999999999999997,0.25,0.55,0.7115936711400401,276.4024658203125,102.03283394729327,1.2550607031651715
20,0.25,0.44999999999999996,0.3,0.6,0.25,0.44999999999999996,0.3,0.6,0.25,0.44999999999999996,0.25,0.55,0.7048067441079001,282.7774658203125,104.60495549884901,1.2345807926400465
21,0.3,0.39999999999999997,0.25,0.55,0.3,0.39999999999999997,0.25,0.55,0.25,0.35,0.25,0.5,0.8096884968909503,220.43459203125002,100.44599836078976,1.269231968658283
22,0.3,0.39999999999999997,0.25,0.55,0.3,0.39999999999999997,0.25,0.55,0.25,0.35,0.25,0.55,0.7998021551302994,225.12209203125002,100.66776068118816,1.268569868371019
23,0.3,0.39999999999999997,0.25,0.55,0.3,0.39999999999999997,0.25,0.55,0.25,0.39999999999999997,0.25,0.5,0.7994011321678859,226.05959203125002,103.79477598186101,1.24289659620518
24,0.3,0.39999999999999997,0.25,0.55,0.3,0.39999999999999997,0.25,0.55,0.25,0.39999999999999997,0.25,0.55,0.7895552403564895,230.74709203125002,104.09426371311781,1.2415639245996823
25,0.3,0.39999999999999997,0.25,0.6,0.3,0.39999999999999997,0.25,0.6,0.25,0.35,0.25,0.55,0.778799676181088,234.49709203125002,101.23805843820995,1.2666538258132112
26,0.3,0.39999999999999997,0.25,0.6,0.3,0.39999999999999997,0.25,0.6,0.25,0.39999999999999997,0.25,0.55,0.768197897997479,240.12209203125002,104.99643817572971,1.236887082345023
27,0.3,0.39999999999999997,0.3,0.5,0.3,0.39999999999999997,0.3,0.5,0.25,0.39999999999999997,0.25,0.5,0.8093141429318141,235.43459203125002,103.40810809872815,1.244827455373001
28,0.3,0.39999999999999997,0.3,0.5,0.3,0.39999999999999997,0.3,0.5,0.3,0.35,0.3,0.5,0.8054025788477993,239.20883500000002,102.61204195535028,1.2519476933255138
29,0.3,0.39999999999999997,0.3,0.5,0.3,0.39999999999999997,0.3,0.5,0.3,0.39999999999999997,0.3,0.45,0.8097910008914136,239.20883500000002,104.73171772966177,1.2337930527111234
30,0.3,0.39999999999999997,0.3,0.5,0.3,0.39999999999999997,0.3,0.5,0.3,0.39999999999999997,0.3,0.5,0.7978035258218006,244.83383500000002,105.18026815277881,1.2314640047718561
31,0.3,0.39999999999999997,0.3,0.55,0.3,0.39999999999999997,0.3,0.55,0.25,0.35,0.25,0.5,0.7936134035213837,241.05959203125,100.86725914604625,1.26781112736818
32,0.3,0.39999999999999997,0.3,0.55,0.3,0.39999999999999997,0.3,0.55,0.25,0.35,0.25,0.55,0.7848477396118644,245.74709203125,101.07106240727953,1.2672001101401797
33,0.3,0.39999999999999997,0.3,0.55,0.3,0.39999999999999997,0.3,0.55,0.25,0.39999999999999997,0.25,0.5,0.7830636667315551,246.68459203125,104.4595837533218,1.2394467891096124
34,0.3,0.39999999999999997,0.3,0.55,0.3,0.39999999999999997,0.3,0.55,0.25,0.39999999999999997,0.25,0.55,0.7743519913792781,251.37209203125,104.73200187970157,1.2382379657234064
35,0.3,0.39999999999999997,0.3,0.55,0.3,0.39999999999999997,0.3,0.55,0.3,0.35,0.3,0.5,0.7810633171097263,250.458835,103.318507667707,1.2492288999806513
36,0.3,0.39999999999999997,0.3,0.55,0.3,0.39999999999999997,0.3,0.55,0.3,0.35,0.3,0.55,0.772263996249815,256.083835,103.64715424578297,1.247623024688352
37,0.3,0.39999999999999997,0.3,0.55,0.3,0.39999999999999997,0.3,0.55,0.3,0.39999999999999997,0.3,0.5,0.7732043456044717,256.083835,106.17268906670853,1.2263483240622957
38,0.3,0.39999999999999997,0.3,0.55,0.3,0.39999999999999997,0.3,0.55,0.3,0.39999999999999997,0.3,0.55,0.76455056320746,261.708835,106.52901228318194,1.2244638287040701
39,0.3,0.39999999999999997,0.3,0.6,0.3,0.39999999999999997,0.3,0.6,0.25,0.35,0.25,0.55,0.7656991231477668,256.99709203124996,101.60359414891973,1.265396800428045
40,0.3,0.39999999999999997,0.3,0.6,0.3,0.39999999999999997,0.3,0.6,0.25,0.39999999999999997,0.25,0.55,0.754851795812097,262.62209203124996,105.59316686955458,1.2337080482762501
41,0.3,0.39999999999999997,0.3,0.6,0.3,0.39999999999999997,0.3,0.6,0.3,0.35,0.3,0.55,0.754202012735801,267.33383499999997,104.20341693329554,1.2454580000427506
42,0.3,0.39999999999999997,0.3,0.6,0.3,0.39999999999999997,0.3,0.6,0.3,0.35,0.3,0.6,0.7477538577808887,272.95883499999997,104.46159476937069,1.2441750225209471
43,0.3,0.39999999999999997,0.3,0.6,0.3,0.39999999999999997,0.3,0.6,0.3,0.39999999999999997,0.3,0.55,0.746251368848698,272.95883499999997,107.33247422589957,1.2202419274738396
44,0.3,0.39999999999999997,0.3,0.6,0.3,0.39999999999999997,0.3,0.6,0.3,0.39999999999999997,0.3,0.6,0.7399071193149199,278.58383499999997,107.61457021405944,1.2187259421262586
45,0.3,0.39999999999999997,0.3,0.6499999999999999,0.3,0.39999999999999997,0.3,0.6499999999999999,0.3,0.35,0.3,0.6,0.7341313463060327,284.20883499999997,104.901447605197,1.242441550617214
46,0.3,0.39999999999999997,0.3,0.6499999999999999,0.3,0.39999999999999997,0.3,0.6499999999999999,0.3,0.39999999999999997,0.3,0.6,0.7260778855661674,289.83383499999997,108.26504226157218,1.215250007074641
47,0.3,0.39999999999999997,0.35,0.5,0.3,0.39999999999999997,0.35,0.5,0.3,0.35,0.3,0.45,0.8028863695936107,252.33383500000002,102.60129810382276,1.2524059497838602
48,0.3,0.39999999999999997,0.35,0.5,0.3,0.39999999999999997,0.35,0.5,0.3,0.35,0.3,0.5,0.7918761744065168,257.958835,102.99692051471558,1.2504791990766595
49,0.3,0.39999999999999997,0.35,0.5,0.3,0.39999999999999997,0.35,0.5,0.3,0.39999999999999997,0.3,0.45,0.7949392564026835,257.958835,105.30161817838257,1.230874981320266
50,0.3,0.39999999999999997,0.35,0.5,0.3,0.39999999999999997,0.35,0.5,0.3,0.39999999999999997,0.3,0.5,0.7841404350188446,263.583835,105.72072672832917,1.2286843426267098
51,0.3,0.39999999999999997,0.35,0.55,0.3,0.39999999999999997,0.35,0.55,0.3,0.35,0.3,0.5,0.7692846088564631,271.083835,103.66524461460992,1.2479062593408983
52,0.3,0.39999999999999997,0.35,0.55,0.3,0.39999999999999997,0.35,0.55,0.3,0.35,0.3,0.55,0.7612979061750218,276.708835,103.97861726595899,1.2463475499555368
53,0.3,0.39999999999999997,0.35,0.55,0.3,0.39999999999999997,0.35,0.55,0.3,0.39999999999999997,0.3,0.5,0.761278975885906,276.708835,106.67538287694875,1.2237225984122055
54,0.3,0.39999999999999997,0.35,0.55,0.3,0.39999999999999997,0.35,0.55,0.3,0.39999999999999997,0.3,0.55,0.7534456101208811,282.333835,107.00901991438397,1.2219460169207002
55,0.3,0.39999999999999997,0.35,0.6,0.3,0.39999999999999997,0.35,0.6,0.3,0.35,0.3,0.55,0.7446718445060437,289.833835,104.49847353841648,1.2443225518279497
56,0.3,0.39999999999999997,0.35,0.6,0.3,0.39999999999999997,0.35,0.6,0.3,0.35,0.3,0.6,0.7387923387319829,295.45883499999997,104.745631340127,1.243071146043335
57,0.3,0.39999999999999997,0.35,0.6,0.3,0.39999999999999997,0.35,0.6,0.3,0.39999999999999997,0.3,0.55,0.7365799869986351,295.458835,107.77231947835227,1.2179037576877112
58,0.3,0.39999999999999997,0.35,0.6,0.3,0.39999999999999997,0.35,0.6,0.3,0.39999999999999997,0.3,0.6,0.7308130083342975,301.08383499999997,108.03695637605324,1.2164718035122448
59,0.3,0.39999999999999997,0.35,0.6499999999999999,0.3,0.39999999999999997,0.35,0.6499999999999999,0.3,0.35,0.3,0.6,0.7263404237455514,308.58383499999997,105.15234686210975,1.241467248021364
60,0.3,0.39999999999999997,0.35,0.6499999999999999,0.3,0.39999999999999997,0.35,0.6499999999999999,0.3,0.39999999999999997,0.3,0.6,0.7181572830677592,314.20883499999997,108.64796976147451,1.2131837854933452
61,0.3,0.44999999999999996,0.25,0.45,0.3,0.44999999999999996,0.25,0.45,0.25,0.44999999999999996,0.25,0.45,0.8046667521048221,222.80959203125,98.45389141392641,1.2686299598333182
62,0.3,0.44999999999999996,0.25,0.5,0.3,0.44999999999999996,0.25,0.5,0.25,0.39999999999999997,0.25,0.45,0.7700331350523678,225.80959203125,97.98147938738416,1.276232201795171
63,0.3,0.44999999999999996,0.25,0.5,0.3,0.44999999999999996,0.25,0.5,0.25,0.39999999999999997,0.25,0.5,0.7569525816982485,230.49709203125,98.28965720840928,1.2751981846758427
64,0.3,0.44999999999999996,0.25,0.5,0.3,0.44999999999999996,0.25,0.5,0.25,0.44999999999999996,0.25,0.45,0.763116070369529,232.18459203125,99.90241386674408,1.261685147993436
65,0.3,0.44999999999999996,0.25,0.5,0.3,0.44999999999999996,0.25,0.5,0.25,0.44999999999999996,0.25,0.5,0.7501143045739812,236.87209203125,100.28007552750073,1.2600426814019692
66,0.3,0.44999999999999996,0.25,0.55,0.3,0.44999999999999996,0.25,0.55,0.25,0.39999999999999997,0.25,0.5,0.7254171461079723,239.87209203125,99.21475805083112,1.2717830770908474
67,0.3,0.44999999999999996,0.25,0.55,0.3,0.44999999999999996,0.25,0.55,0.25,0.39999999999999997,0.25,0.55,0.7157822046597675,244.55959203125,99.46356445727244,1.2709431528417232
68,0.3,0.44999999999999996,0.25,0.55,0.3,0.44999999999999996,0.25,0.55,0.25,0.44999999999999996,0.25,0.5,0.7183319182541092,246.24709203125,101.52997206152585,1.2538852731833803
69,0.3,0.44999999999999996,0.25,0.55,0.3,0.44999999999999996,0.25,0.55,0.25,0.44999999999999996,0.25,0.55,0.7087327026327707,250.93459203125,101.84546757767384,1.252467725512824
70,0.3,0.44999999999999996,0.25,0.6,0.3,0.44999999999999996,0.25,0.6,0.25,0.39999999999999997,0.25,0.55,0.6913851398222279,253.93459203125,100.2349764308252,1.2680755361706775
71,0.3,0.44999999999999996,0.25,0.6,0.3,0.44999999999999996,0.25,0.6,0.25,0.44999999999999996,0.25,0.55,0.6840961838636231,260.30959203124996,102.92077691004349,1.2470378054462559
72,0.3,0.44999999999999996,0.3,0.45,0.3,0.44999999999999996,0.3,0.45,0.25,0.39999999999999997,0.25,0.4,0.8027039511758535,228.62209203125002,97.16236876696027,1.2790975803054696
73,0.3,0.44999999999999996,0.3,0.45,0.3,0.44999999999999996,0.3,0.45,0.25,0.39999999999999997,0.25,0.45,0.7870847154935291,233.30959203125002,97.51257194518308,1.2779180636652665
74,0.3,0.44999999999999996,0.3,0.45,0.3,0.44999999999999996,0.3,0.45,0.25,0.44999999999999996,0.25,0.4,0.7957444239233847,234.99709203125002,98.87337449474173,1.266355078376476
75,0.3,0.44999999999999996,0.3,0.45,0.3,0.44999999999999996,0.3,0.45,0.25,0.44999999999999996,0.25,0.45,0.780273976726465,239.68459203125002,99.28647984236979,1.2646078879387368
76,0.3,0.44999999999999996,0.3,0.45,0.3,0.44999999999999996,0.3,0.45,0.3,0.39999999999999997,0.3,0.4,0.7885050530511887,236.14633500000002,98.9290723052139,1.2666360499561689
77,0.3,0.44999999999999996,0.3,0.45,0.3,0.44999999999999996,0.3,0.45,0.3,0.39999999999999997,0.3,0.45,0.7721796743099483,241.77133500000002,99.44319345125865,1.2642732977529572
78,0.3,0.44999999999999996,0.3,0.45,0.3,0.44999999999999996,0.3,0.45,0.3,0.44999999999999996,0.3,0.4,0.7827626415548007,242.52133500000002,100.38220667318404,1.2556584090285523
79,0.3,0.44999999999999996,0.3,0.45,0.3,0.44999999999999996,0.3,0.45,0.3,0.44999999999999996,0.3,0.45,0.7666639337455887,248.14633500000002,100.9357353049016,1.2528943981792189
80,0.3,0.44999999999999996,0.3,0.5,0.3,0.44999999999999996,0.3,0.5,0.25,0.39999999999999997,0.25,0.45,0.7478895246722161,244.55959203125,98.60037671070731,1.2739149822033475
81,0.3,0.44999999999999996,0.3,0.5,0.3,0.44999999999999996,0.3,0.5,0.25,0.39999999999999997,0.25,0.5,0.7364989831701434,249.24709203125,98.88169784627883,1.272975538473713
82,0.3,0.44999999999999996,0.3,0.5,0.3,0.44999999999999996,0.3,0.5,0.25,0.44999999999999996,0.25,0.45,0.7408143583073855,250.93459203125,100.73415653104442,1.2575728637588865
83,0.3,0.44999999999999996,0.3,0.5,0.3,0.44999999999999996,0.3,0.5,0.25,0.44999999999999996,0.25,0.5,0.72950650318695,255.62209203125,101.07782259752811,1.2560795863261134
84,0.3,0.44999999999999996,0.3,0.5,0.3,0.44999999999999996,0.3,0.5,0.3,0.39999999999999997,0.3,0.45,0.7354447424088839,253.021335,100.51601674148169,1.2600593412067846
85,0.3,0.44999999999999996,0.3,0.5,0.3,0.44999999999999996,0.3,0.5,0.3,0.39999999999999997,0.3,0.5,0.7236973366117367,258.646335,100.92877071573062,1.258141577338355
86,0.3,0.44999999999999996,0.3,0.5,0.3,0.44999999999999996,0.3,0.5,0.3,0.44999999999999996,0.3,0.45,0.7297942773930925,259.396335,102.30290840249204,1.246154391382672
87,0.3,0.44999999999999996,0.3,0.5,0.3,0.44999999999999996,0.3,0.5,0.3,0.44999999999999996,0.3,0.5,0.718195299153344,265.021335,102.7535433748109,1.243863034192828
88,0.3,0.44999999999999996,0.3,0.55,0.3,0.44999999999999996,0.3,0.55,0.25,0.39999999999999997,0.25,0.5,0.7068842829522058,260.49709203125,99.77806056399899,1.2696634628768801
89,0.3,0.44999999999999996,0.3,0.55,0.3,0.44999999999999996,0.3,0.55,0.25,0.39999999999999997,0.25,0.55,0.6984811922345378,265.18459203125,100.00488198421911,1.2688989910136987
90,0.3,0.44999999999999996,0.3,0.55,0.3,0.44999999999999996,0.3,0.55,0.25,0.44999999999999996,0.25,0.5,0.6996264988381455,266.87209203125,102.31281614585218,1.2499141257964186
91,0.3,0.44999999999999996,0.3,0.55,0.3,0.44999999999999996,0.3,0.55,0.25,0.44999999999999996,0.25,0.55,0.691265917049218,271.55959203125,102.59933689802305,1.2486271077989588
92,0.3,0.44999999999999996,0.3,0.55,0.3,0.44999999999999996,0.3,0.55,0.3,0.39999999999999997,0.3,0.5,0.6959111193216196,269.896335,101.80077996283786,1.2547512529809306
93,0.3,0.44999999999999996,0.3,0.55,0.3,0.44999999999999996,0.3,0.55,0.3,0.39999999999999997,0.3,0.55,0.6873418681128312,275.521335,102.1298923537218,1.2532056392692128
94,0.3,0.44999999999999996,0.3,0.55,0.3,0.44999999999999996,0.3,0.55,0.3,0.44999999999999996,0.3,0.5,0.6902326446613685,276.271335,103.90228855493822,1.2381153664670503
95,0.3,0.44999999999999996,0.3,0.55,0.3,0.44999999999999996,0.3,0.55,0.3,0.44999999999999996,0.3,0.55,0.6817587007653748,281.896335,104.26753851684023,1.2362259713931485
96,0.3,0.44999999999999996,0.3,0.6,0.3,0.44999999999999996,0.3,0.6,0.25,0.39999999999999997,0.25,0.55,0.6757834211348959,276.43459203124996,100.74386011005363,1.266143350546954
97,0.3,0.44999999999999996,0.3,0.6,0.3,0.44999999999999996,0.3,0.6,0.25,0.44999999999999996,0.25,0.55,0.6683182142485229,282.80959203124996,103.6494747203388,1.2432557281621481
98,0.3,0.44999999999999996,0.3,0.6,0.3,0.44999999999999996,0.3,0.6,0.3,0.39999999999999997,0.3,0.55,0.6660239968989796,286.77133499999997,102.83972731353917,1.2504594589068792
99,0.3,0.44999999999999996,0.3,0.6,0.3,0.44999999999999996,0.3,0.6,0.3,0.39999999999999997,0.3,0.6,0.6596760692149006,292.39633499999997,103.10136271439485,1.2492191381975255
100,0.3,0.44999999999999996,0.3,0.6,0.3,0.44999999999999996,0.3,0.6,0.3,0.44999999999999996,0.3,0.55,0.6602515153137148,293.14633499999997,105.23248792406142,1.231325009382029
101,0.3,0.44999999999999996,0.3,0.6,0.3,0.44999999999999996,0.3,0.6,0.3,0.44999999999999996,0.3,0.6,0.6539636386152218,298.77133499999997,105.52826117539989,1.2297703332576269
102,0.3,0.44999999999999996,0.3,0.6499999999999999,0.3,0.44999999999999996,0.3,0.6499999999999999,0.3,0.39999999999999997,0.3,0.6,0.6431130333809294,303.64633499999997,103.68058843732854,1.2469798630248983
103,0.3,0.44999999999999996,0.3,0.6499999999999999,0.3,0.44999999999999996,0.3,0.6499999999999999,0.3,0.44999999999999996,0.3,0.6,0.6372159679981875,310.02133499999997,106.33855744683642,1.2255942304592937
104,0.3,0.44999999999999996,0.35,0.45,0.3,0.44999999999999996,0.35,0.45,0.3,0.39999999999999997,0.3,0.4,0.7683585470239588,253.02133499999997,99.48364160143937,1.2644528629519833
105,0.3,0.44999999999999996,0.35,0.45,0.3,0.44999999999999996,0.35,0.45,0.3,0.39999999999999997,0.3,0.45,0.7538336836261162,258.64633499999997,99.96597287055093,1.2622134205029085
106,0.3,0.44999999999999996,0.35,0.45,0.3,0.44999999999999996,0.35,0.45,0.3,0.44999999999999996,0.3,0.4,0.7625637569569569,259.39633499999997,101.08443267472836,1.252208375064339
107,0.3,0.44999999999999996,0.35,0.45,0.3,0.44999999999999996,0.35,0.45,0.3,0.44999999999999996,0.3,0.45,0.748261353201854,265.02133499999997,101.59926869768256,1.2496217482112648
108,0.3,0.44999999999999996,0.35,0.5,0.3,0.44999999999999996,0.35,0.5,0.3,0.39999999999999997,0.3,0.45,0.718837616061355,271.771335,101.01100236593179,1.2581403385810508
109,0.3,0.44999999999999996,0.35,0.5,0.3,0.44999999999999996,0.35,0.5,0.3,0.39999999999999997,0.3,0.5,0.7083630302996938,277.396335,101.39933554099082,1.2563128078649437
110,0.3,0.44999999999999996,0.35,0.5,0.3,0.44999999999999996,0.35,0.5,0.3,0.44999999999999996,0.3,0.45,0.7130975706457651,278.146335,102.9525506302538,1.242914875818162
111,0.3,0.44999999999999996,0.35,0.5,0.3,0.44999999999999996,0.35,0.5,0.3,0.44999999999999996,0.3,0.5,0.7027716696041001,283.771335,103.3722578704983,1.2407665032729889
112,0.3,0.44999999999999996,0.35,0.55,0.3,0.44999999999999996,0.35,0.55,0.3,0.39999999999999997,0.3,0.5,0.6821277571173909,290.521335,102.23900865714592,1.2530693459957583
113,0.3,0.44999999999999996,0.35,0.55,0.3,0.44999999999999996,0.35,0.55,0.3,0.39999999999999997,0.3,0.55,0.6744730991647838,296.146335,102.5494107133566,1.2515889247540788
114,0.3,0.44999999999999996,0.35,0.55,0.3,0.44999999999999996,0.35,0.55,0.3,0.44999999999999996,0.3,0.5,0.6763369841072147,296.896335,104.4976388259985,1.235102296526627
115,0.3,0.44999999999999996,0.35,0.55,0.3,0.44999999999999996,0.35,0.55,0.3,0.44999999999999996,0.3,0.55,0.6687814839882749,302.521335,104.83809443539192,1.23332788534398
116,0.3,0.44999999999999996,0.35,0.6,0.3,0.44999999999999996,0.35,0.6,0.3,0.39999999999999997,0.3,0.55,0.6545077940452749,309.271335,103.22562821089774,1.248986469773146
117,0.3,0.44999999999999996,0.35,0.6,0.3,0.44999999999999996,0.35,0.6,0.3,0.39999999999999997,0.3,0.6,0.648829113597206,314.89633499999997,103.47291541229728,1.24779300709487
118,0.3,0.44999999999999996,0.35,0.6,0.3,0.44999999999999996,0.35,0.6,0.3,0.44999999999999996,0.3,0.55,0.6486129544027674,315.646335,105.77377956607495,1.2285454556064894
119,0.3,0.44999999999999996,0.35,0.6,0.3,0.44999999999999996,0.35,0.6,0.3,0.44999999999999996,0.3,0.6,0.6429997186995338,321.27133499999997,106.04957362282735,1.2270836861586303
120,0.3,0.44999999999999996,0.35,0.6499999999999999,0.3,0.44999999999999996,0.35,0.6499999999999999,0.3,0.39999999999999997,0.3,0.6,0.6334303696767436,328.02133499999997,104.01927955745953,1.245689620679214
121,0.3,0.44999999999999996,0.35,0.6499999999999999,0.3,0.44999999999999996,0.35,0.6499999999999999,0.3,0.44999999999999996,0.3,0.6,0.627409675204333,334.39633499999997,106.82744176227057,1.2230491683485916
122,0.3,0.49999999999999994,0.25,0.45,0.3,0.49999999999999994,0.25,0.45,0.25,0.44999999999999996,0.25,0.4,0.7689323958671714,233.55959203124996,94.43342122540803,1.2892156877915897
123,0.3,0.49999999999999994,0.25,0.45,0.3,0.49999999999999994,0.25,0.45,0.25,0.44999999999999996,0.25,0.45,0.7519824862483657,238.24709203124996,94.81865728956114,1.2878279107145139
124,0.3,0.49999999999999994,0.25,0.5,0.3,0.49999999999999994,0.25,0.5,0.25,0.44999999999999996,0.25,0.45,0.7094508632014843,247.62209203124996,96.08212790866634,1.2828563382441558
125,0.3,0.49999999999999994,0.25,0.5,0.3,0.49999999999999994,0.25,0.5,0.25,0.44999999999999996,0.25,0.5,0.6969054255616558,252.30959203124996,96.40144258855325,1.281703190252689
126,0.3,0.49999999999999994,0.25,0.55,0.3,0.49999999999999994,0.25,0.55,0.25,0.44999999999999996,0.25,0.5,0.6634588844450618,261.68459203124996,97.49027212599462,1.2774083009109003
127,0.3,0.49999999999999994,0.25,0.55,0.3,0.49999999999999994,0.25,0.55,0.25,0.44999999999999996,0.25,0.55,0.6540605898650851,266.37209203124996,97.75607036595517,1.2764378492816764
128,0.3,0.49999999999999994,0.25,0.6,0.3,0.49999999999999994,0.25,0.6,0.25,0.44999999999999996,0.25,0.55,0.6274330932385995,275.74709203124996,98.69300996864486,1.2727352486284518
129,0.3,0.49999999999999994,0.3,0.4,0.3,0.49999999999999994,0.3,0.4,0.25,0.44999999999999996,0.25,0.4,0.7951580599264958,239.18459203124996,93.71496302920426,1.2919730449702256
130,0.3,0.49999999999999994,0.3,0.4,0.3,0.49999999999999994,0.3,0.4,0.3,0.44999999999999996,0.3,0.4,0.7779785878289072,246.70883499999997,95.35031372809331,1.2813088429912076
131,0.3,0.49999999999999994,0.3,0.4,0.3,0.49999999999999994,0.3,0.4,0.3,0.49999999999999994,0.3,0.4,0.7734396004445804,253.83383499999997,96.03059357012482,1.2768376409031643
132,0.3,0.49999999999999994,0.3,0.45,0.3,0.49999999999999994,0.3,0.45,0.25,0.44999999999999996,0.25,0.4,0.7418208749247113,250.43459203125002,95.18964855472792,1.2861853729002408
133,0.3,0.49999999999999994,0.3,0.45,0.3,0.49999999999999994,0.3,0.45,0.25,0.44999999999999996,0.25,0.45,0.7271337736050306,255.12209203125002,95.54154854730345,1.2849261790151894
134,0.3,0.49999999999999994,0.3,0.45,0.3,0.49999999999999994,0.3,0.45,0.3,0.44999999999999996,0.3,0.4,0.728171479213943,257.958835,96.79660783923376,1.2752967149798027
135,0.3,0.49999999999999994,0.3,0.45,0.3,0.49999999999999994,0.3,0.45,0.3,0.44999999999999996,0.3,0.45,0.7126536468350992,263.583835,97.29837139439373,1.273010546687127
136,0.3,0.49999999999999994,0.3,0.45,0.3,0.49999999999999994,0.3,0.45,0.3,0.49999999999999994,0.3,0.4,0.7236512749219255,265.083835,97.72317658175194,1.2687500314694906
137,0.3,0.49999999999999994,0.3,0.45,0.3,0.49999999999999994,0.3,0.45,0.3,0.49999999999999994,0.3,0.45,0.7083201144029493,270.708835,98.2603620369783,1.2661223994665889
138,0.3,0.49999999999999994,0.3,0.5,0.3,0.49999999999999994,0.3,0.5,0.25,0.44999999999999996,0.25,0.45,0.6861716899378844,266.37209203124996,96.80204592639662,1.2799620982968762
139,0.3,0.49999999999999994,0.3,0.5,0.3,0.49999999999999994,0.3,0.5,0.25,0.44999999999999996,0.25,0.5,0.6753072026823003,271.05959203124996,97.09286484183967,1.2789200874302855
140,0.3,0.49999999999999994,0.3,0.5,0.3,0.49999999999999994,0.3,0.5,0.3,0.44999999999999996,0.3,0.45,0.6743651128354986,274.83383499999997,98.51016816232824,1.2680487337003032
141,0.3,0.49999999999999994,0.3,0.5,0.3,0.49999999999999994,0.3,0.5,0.3,0.44999999999999996,0.3,0.5,0.663021462814712,280.45883499999997,98.91867911282108,1.2661748215267945
142,0.3,0.49999999999999994,0.3,0.5,0.3,0.49999999999999994,0.3,0.5,0.3,0.49999999999999994,0.3,0.45,0.6700057967020752,281.95883499999997,99.71891603641072,1.25904143662973
143,0.3,0.49999999999999994,0.3,0.5,0.3,0.49999999999999994,0.3,0.5,0.3,0.49999999999999994,0.3,0.5,0.6587871650003615,287.58383499999997,100.16278902183724,1.2568283371983582
144,0.3,0.49999999999999994,0.3,0.55,0.3,0.49999999999999994,0.3,0.55,0.25,0.44999999999999996,0.25,0.5,0.6433752804340309,282.30959203124996,98.16770686579824,1.274682192969627
145,0.3,0.49999999999999994,0.3,0.55,0.3,0.49999999999999994,0.3,0.55,0.25,0.44999999999999996,0.25,0.55,0.6352441469111396,286.99709203124996,98.40921875917388,1.2738057022559852
146,0.3,0.49999999999999994,0.3,0.55,0.3,0.49999999999999994,0.3,0.55,0.3,0.44999999999999996,0.3,0.5,0.6331331323179001,291.70883499999997,99.9341371699283,1.262085539769302
147,0.3,0.49999999999999994,0.3,0.55,0.3,0.49999999999999994,0.3,0.55,0.3,0.44999999999999996,0.3,0.55,0.6247220289934396,297.33383499999997,100.2651059969565,1.2605606505028075
148,0.3,0.49999999999999994,0.3,0.55,0.3,0.49999999999999994,0.3,0.55,0.3,0.49999999999999994,0.3,0.5,0.6288265094200617,298.83383499999997,101.41970729270511,1.250659583509215
149,0.3,0.49999999999999994,0.3,0.55,0.3,0.49999999999999994,0.3,0.55,0.3,0.49999999999999994,0.3,0.55,0.6204945009582571,304.45883499999997,101.78573892092102,1.2488057648827104
150,0.3,0.49999999999999994,0.3,0.6,0.3,0.49999999999999994,0.3,0.6,0.25,0.44999999999999996,0.25,0.55,0.6100351296170812,298.24709203124996,99.32476152908994,1.270190178332554
151,0.3,0.49999999999999994,0.3,0.6,0.3,0.49999999999999994,0.3,0.6,0.3,0.44999999999999996,0.3,0.55,0.6010932891500987,308.58383499999997,101.1175909604547,1.2571768777414323
152,0.3,0.49999999999999994,0.3,0.6,0.3,0.49999999999999994,0.3,0.6,0.3,0.44999999999999996,0.3,0.6,0.594755311547732,314.20883499999997,101.38558414438378,1.2559385559670493
153,0.3,0.49999999999999994,0.3,0.6,0.3,0.49999999999999994,0.3,0.6,0.3,0.49999999999999994,0.3,0.55,0.5967618421573299,315.70883499999997,102.87035078308129,1.2434316619793482
154,0.3,0.49999999999999994,0.3,0.6,0.3,0.49999999999999994,0.3,0.6,0.3,0.49999999999999994,0.3,0.6,0.590471185446483,321.3338349999999,103.17285508236472,1.2418779903272137
155,0.3,0.49999999999999994,0.35,0.4,0.3,0.49999999999999994,0.35,0.4,0.3,0.44999999999999996,0.3,0.4,0.7559176330972767,261.70883499999997,95.97124319250175,1.2787072112147853
156,0.3,0.49999999999999994,0.35,0.4,0.3,0.49999999999999994,0.35,0.4,0.3,0.49999999999999994,0.3,0.4,0.7513898979851442,268.83383499999997,96.75366153722388,1.273380874726492
157,0.3,0.49999999999999994,0.35,0.45,0.3,0.49999999999999994,0.35,0.45,0.3,0.44999999999999996,0.3,0.4,0.7074167657949672,274.83383499999997,97.41423664270062,1.2727501121305462
158,0.3,0.49999999999999994,0.35,0.45,0.3,0.49999999999999994,0.35,0.45,0.3,0.44999999999999996,0.3,0.45,0.6936619255434449,280.45883499999997,97.88312884506414,1.2705984323569197
159,0.3,0.49999999999999994,0.35,0.45,0.3,0.49999999999999994,0.35,0.45,0.3,0.49999999999999994,0.3,0.4,0.7028939172153192,281.95883499999997,98.4624139888408,1.2651682925936594
160,0.3,0.49999999999999994,0.35,0.45,0.3,0.49999999999999994,0.35,0.45,0.3,0.49999999999999994,0.3,0.45,0.6893218766103916,287.58383499999997,98.96175697258306,1.2627089303080867
161,0.3,0.49999999999999994,0.35,0.5,0.3,0.49999999999999994,0.35,0.5,0.3,0.44999999999999996,0.3,0.45,0.6566816458023481,293.58383499999997,99.07954994809737,1.2657444849448418
162,0.3,0.49999999999999994,0.35,0.5,0.3,0.49999999999999994,0.35,0.5,0.3,0.44999999999999996,0.3,0.5,0.646626564937619,299.20883499999997,99.46180111471404,1.2639762179649618
163,0.3,0.49999999999999994,0.35,0.5,0.3,0.49999999999999994,0.35,0.5,0.3,0.49999999999999994,0.3,0.45,0.6522910998784193,300.70883499999997,100.42104379564049,1.2555966777999996
164,0.3,0.49999999999999994,0.35,0.5,0.3,0.49999999999999994,0.35,0.5,0.3,0.49999999999999994,0.3,0.5,0.6423587607863105,306.33383499999997,100.83376972889425,1.2535260907875616
165,0.3,0.49999999999999994,0.35,0.55,0.3,0.49999999999999994,0.35,0.55,0.3,0.44999999999999996,0.3,0.5,0.6179832164193814,312.333835,100.45495103302814,1.2600160447530078
166,0.3,0.49999999999999994,0.35,0.55,0.3,0.49999999999999994,0.35,0.55,0.3,0.44999999999999996,0.3,0.55,0.6105309784146671,317.958835,100.76498769345855,1.2585721287516562
167,0.3,0.49999999999999994,0.35,0.55,0.3,0.49999999999999994,0.35,0.55,0.3,0.49999999999999994,0.3,0.5,0.6136189590149645,319.45883499999997,102.08121366381043,1.247383138694348
168,0.3,0.49999999999999994,0.35,0.55,0.3,0.49999999999999994,0.35,0.55,0.3,0.49999999999999994,0.3,0.55,0.6062461691399933,325.08383499999997,102.42161702919591,1.245647480093555
169,0.35,0.35,0.3,0.55,0.35,0.35,0.3,0.55,0.3,0.35,0.3,0.55,0.8088462289602333,243.97303292968752,105.20162938959366,1.235903663133906
170,0.35,0.35,0.3,0.6,0.35,0.35,0.3,0.6,0.3,0.3,0.3,0.55,0.8071649506455338,250.34803292968746,101.33293862963095,1.2680256815764674
171,0.35,0.35,0.3,0.6,0.35,0.35,0.3,0.6,0.3,0.3,0.3,0.6,0.7979458596796296,255.97303292968746,101.54600838574751,1.2673698248487635
172,0.35,0.35,0.3,0.6,0.35,0.35,0.3,0.6,0.3,0.35,0.3,0.55,0.7938055313688305,255.22303292968746,105.79277628759678,1.2330160690127967
173,0.35,0.35,0.3,0.6,0.35,0.35,0.3,0.6,0.3,0.35,0.3,0.6,0.7847964196776941,260.84803292968746,106.03797760741051,1.2320396462187666
174,0.35,0.35,0.3,0.6499999999999999,0.35,0.35,0.3,0.6499999999999999,0.3,0.3,0.3,0.6,0.7869034882084778,267.22303292968746,101.83281095123002,1.2665438123300279
175,0.35,0.35,0.3,0.6499999999999999,0.35,0.35,0.3,0.6499999999999999,0.3,0.35,0.3,0.6,0.7736122254985888,272.09803292968746,106.50150249758015,1.2297455794961538
176,0.35,0.35,0.35,0.55,0.35,0.35,0.35,0.55,0.3,0.35,0.3,0.55,0.7996989312864147,264.5980329296875,105.56267599424623,1.2341333333099396
177,0.35,0.35,0.35,0.55,0.35,0.35,0.35,0.55,0.35,0.35,0.35,0.5,0.8008293244536995,268.40349621093753,106.96531587510324,1.2220559760885563
178,0.35,0.35,0.35,0.55,0.35,0.35,0.35,0.55,0.35,0.35,0.35,0.55,0.7900098656204539,274.96599621093753,107.37128729876571,1.2199343667983635
179,0.35,0.35,0.35,0.6,0.35,0.35,0.35,0.6,0.3,0.3,0.3,0.55,0.7993935336349176,272.8480329296875,101.52893793191404,1.2674739941848705
180,0.35,0.35,0.35,0.6,0.35,0.35,0.35,0.6,0.3,0.3,0.3,0.6,0.7906734777484736,278.47303292968746,101.73480720759828,1.2668323452916226
181,0.35,0.35,0.35,0.6,0.35,0.35,0.35,0.6,0.3,0.35,0.3,0.55,0.7859316186418311,277.7230329296875,106.1143621262338,1.2314175666064657
182,0.35,0.35,0.35,0.6,0.35,0.35,0.35,0.6,0.3,0.35,0.3,0.6,0.7774295878033171,283.34803292968746,106.3458827658329,1.2305068519691575
183,0.35,0.35,0.35,0.6,0.35,0.35,0.35,0.6,0.35,0.35,0.35,0.55,0.7768240034181725,288.0909962109375,107.96886314857531,1.2167500295777436
184,0.35,0.35,0.35,0.6,0.35,0.35,0.35,0.6,0.35,0.35,0.35,0.6,0.7685525497654737,294.6534962109375,108.29747180513847,1.215016950617817
185,0.35,0.35,0.35,0.6499999999999999,0.35,0.35,0.35,0.6499999999999999,0.3,0.3,0.3,0.6,0.7806334367286183,291.59803292968746,101.99842169167918,1.2660651705582178
186,0.35,0.35,0.35,0.6499999999999999,0.35,0.35,0.35,0.6499999999999999,0.3,0.35,0.3,0.6,0.767264156170802,296.47303292968746,106.77409788655939,1.228371899951423
187,0.35,0.35,0.35,0.6499999999999999,0.35,0.35,0.35,0.6499999999999999,0.35,0.35,0.35,0.6,0.7587642775328981,307.7784962109375,108.76872343612337,1.2124677391719645
188,0.35,0.35,0.35,0.6499999999999999,0.35,0.35,0.35,0.6499999999999999,0.35,0.35,0.35,0.6499999999999999,0.7523661987785337,314.3409962109374,109.03507574407283,1.2110513290511435
189,0.35,0.35,0.35,0.7,0.35,0.35,0.35,0.7,0.35,0.35,0.35,0.6499999999999999,0.7449518796873723,327.4659962109374,109.41039388663982,1.2089938462909697
190,0.35,0.35,0.39999999999999997,0.55,0.35,0.35,0.39999999999999997,0.55,0.35,0.35,0.35,0.5,0.7932694098290035,289.0284962109375,107.2970051275461,1.2203007538263437
191,0.35,0.35,0.39999999999999997,0.55,0.35,0.35,0.39999999999999997,0.55,0.35,0.35,0.35,0.55,0.7830166864011332,295.5909962109375,107.68597798511732,1.218265128511493
192,0.35,0.35,0.39999999999999997,0.6,0.35,0.35,0.39999999999999997,0.6,0.35,0.35,0.35,0.55,0.7708289994874168,310.59099621093753,108.2504768755388,1.2152355370075858
193,0.35,0.35,0.39999999999999997,0.6,0.35,0.35,0.39999999999999997,0.6,0.35,0.35,0.35,0.6,0.7629292480040901,317.15349621093753,108.56707488190376,1.2135640649945774
194,0.35,0.35,0.39999999999999997,0.6499999999999999,0.35,0.35,0.39999999999999997,0.6499999999999999,0.35,0.35,0.35,0.6,0.7539339858612445,332.1534962109375,109.00864605806208,1.2111590379388166
195,0.35,0.35,0.39999999999999997,0.6499999999999999,0.35,0.35,0.39999999999999997,0.6499999999999999,0.35,0.35,0.35,0.6499999999999999,0.747782806678658,338.7159962109374,109.26661429059288,1.2097859900996806
196,0.35,0.35,0.39999999999999997,0.7,0.35,0.35,0.39999999999999997,0.7,0.35,0.35,0.35,0.6499999999999999,0.7410025998159452,353.7159962109374,109.61595154484587,1.2078583520868769
197,0.35,0.39999999999999997,0.3,0.45,0.35,0.39999999999999997,0.3,0.45,0.3,0.35,0.3,0.45,0.8060400478357174,222.41053292968752,98.93131782409289,1.2726730028056479
198,0.35,0.39999999999999997,0.3,0.45,0.35,0.39999999999999997,0.3,0.45,0.3,0.39999999999999997,0.3,0.45,0.797319954740276,228.03553292968752,101.43741247195149,1.2534171202452804
199,0.35,0.39999999999999997,0.3,0.5,0.35,0.39999999999999997,0.3,0.5,0.3,0.35,0.3,0.45,0.7734518512659023,233.66053292968752,99.76570530558669,1.2700251587933153
200,0.35,0.39999999999999997,0.3,0.5,0.35,0.39999999999999997,0.3,0.5,0.3,0.35,0.3,0.5,0.7590261597267471,239.28553292968752,100.12145512175258,1.268814693588736
201,0.35,0.39999999999999997,0.3,0.5,0.35,0.39999999999999997,0.3,0.5,0.3,0.39999999999999997,0.3,0.45,0.7643857275205066,239.28553292968752,102.63932129866834,1.24771582825675
202,0.35,0.39999999999999997,0.3,0.5,0.35,0.39999999999999997,0.3,0.5,0.3,0.39999999999999997,0.3,0.5,0.7501343388954148,244.91053292968752,103.06097122511723,1.2458994913218904
203,0.35,0.39999999999999997,0.3,0.55,0.35,0.39999999999999997,0.3,0.55,0.3,0.35,0.3,0.5,0.7354211344388658,250.53553292968752,100.77803589683592,1.266722686208284
204,0.35,0.39999999999999997,0.3,0.55,0.35,0.39999999999999997,0.3,0.55,0.3,0.35,0.3,0.55,0.7246605295985288,256.1605329296875,101.05819316360082,1.2657895496284597
205,0.35,0.39999999999999997,0.3,0.55,0.35,0.39999999999999997,0.3,0.55,0.3,0.39999999999999997,0.3,0.5,0.726215512803845,256.1605329296875,104.04235551745387,1.241113656631667
206,0.35,0.39999999999999997,0.3,0.55,0.35,0.39999999999999997,0.3,0.55,0.3,0.39999999999999997,0.3,0.55,0.7155752340528976,261.7855329296875,104.38237945021646,1.239639480474756
207,0.35,0.39999999999999997,0.3,0.6,0.35,0.39999999999999997,0.3,0.6,0.3,0.35,0.3,0.55,0.7072846209719562,267.41053292968746,101.57645411368662,1.2641114362085981
208,0.35,0.39999999999999997,0.3,0.6,0.35,0.39999999999999997,0.3,0.6,0.3,0.35,0.3,0.6,0.6991678985024102,273.03553292968746,101.79695418654907,1.2633874142638857
209,0.35,0.39999999999999997,0.3,0.6,0.35,0.39999999999999997,0.3,0.6,0.3,0.39999999999999997,0.3,0.55,0.697930146666158,273.03553292968746,105.18100705652725,1.2356395021704665
210,0.35,0.39999999999999997,0.3,0.6,0.35,0.39999999999999997,0.3,0.6,0.3,0.39999999999999997,0.3,0.6,0.6898998613480385,278.66053292968746,105.45426391450617,1.2344445061243332
211,0.35,0.39999999999999997,0.3,0.6499999999999999,0.35,0.39999999999999997,0.3,0.6499999999999999,0.3,0.35,0.3,0.6,0.6861703308109312,284.2855329296875,102.2079274176447,1.2620269908164494
212,0.35,0.39999999999999997,0.3,0.6499999999999999,0.35,0.39999999999999997,0.3,0.6499999999999999,0.3,0.39999999999999997,0.3,0.6,0.6766787541601457,289.9105329296875,106.10319438189839,1.2311154098099628
213,0.35,0.39999999999999997,0.35,0.45,0.35,0.39999999999999997,0.35,0.45,0.3,0.35,0.3,0.4,0.8072811786870242,233.66053292968746,98.92215047077859,1.2728528672629058
214,0.35,0.39999999999999997,0.35,0.45,0.35,0.39999999999999997,0.35,0.45,0.3,0.35,0.3,0.45,0.7896589509679315,239.2855329296875,99.34616829707775,1.2713500492309502
215,0.35,0.39999999999999997,0.35,0.45,0.35,0.39999999999999997,0.35,0.45,0.3,0.39999999999999997,0.3,0.4,0.7981302555630041,239.28553292968746,101.54746874104694,1.2526809460818091
216,0.35,0.39999999999999997,0.35,0.45,0.35,0.39999999999999997,0.35,0.45,0.3,0.39999999999999997,0.3,0.45,0.7807739214945398,244.9105329296875,102.03142577198393,1.25059815270277
217,0.35,0.39999999999999997,0.35,0.45,0.35,0.39999999999999997,0.35,0.45,0.35,0.35,0.35,0.45,0.7767404819317194,247.77849621093748,101.16032402521212,1.2580081101437155
218,0.35,0.39999999999999997,0.35,0.45,0.35,0.39999999999999997,0.35,0.45,0.35,0.39999999999999997,0.35,0.45,0.7695291454640459,253.40349621093748,103.4157519145871,1.240400642054984
219,0.35,0.39999999999999997,0.35,0.5,0.35,0.39999999999999997,0.35,0.5,0.3,0.35,0.3,0.45,0.7590365547723039,252.41053292968752,100.14718677874703,1.2688157755276228
220,0.35,0.39999999999999997,0.35,0.5,0.35,0.39999999999999997,0.35,0.5,0.3,0.35,0.3,0.5,0.7459194598229678,258.0355329296875,100.48302403240635,1.2676610141402804
221,0.35,0.39999999999999997,0.35,0.5,0.35,0.39999999999999997,0.35,0.5,0.3,0.39999999999999997,0.3,0.45,0.7497930398373234,258.0355329296875,103.20712541810121,1.2449573818364843
222,0.35,0.39999999999999997,0.35,0.5,0.35,0.39999999999999997,0.35,0.5,0.3,0.39999999999999997,0.3,0.5,0.736858922441744,263.6605329296875,103.59994004271412,1.2432671212999824
223,0.35,0.39999999999999997,0.35,0.5,0.35,0.39999999999999997,0.35,0.5,0.35,0.35,0.35,0.45,0.7476028809843108,260.90349621093753,102.070932236091,1.2543646923794693
224,0.35,0.39999999999999997,0.35,0.5,0.35,0.39999999999999997,0.35,0.5,0.35,0.35,0.35,0.5,0.7342733976767576,267.46599621093753,102.56962351606208,1.251923961506911
225,0.35,0.39999999999999997,0.35,0.5,0.35,0.39999999999999997,0.35,0.5,0.35,0.39999999999999997,0.35,0.45,0.740235797192339,266.52849621093753,104.60202020349092,1.2344318397998861
226,0.35,0.39999999999999997,0.35,0.5,0.35,0.39999999999999997,0.35,0.5,0.35,0.39999999999999997,0.35,0.5,0.7271896128237195,273.09099621093753,105.1134322261941,1.2317966337997577
227,0.35,0.39999999999999997,0.35,0.55,0.35,0.39999999999999997,0.35,0.55,0.3,0.35,0.3,0.5,0.7239812713452023,271.1605329296875,101.1056091957996,1.2656702666069617
228,0.35,0.39999999999999997,0.35,0.55,0.35,0.39999999999999997,0.35,0.55,0.3,0.35,0.3,0.55,0.714114757549752,276.7855329296875,101.37087900996875,1.2647772101263146
229,0.35,0.39999999999999997,0.35,0.55,0.35,0.39999999999999997,0.35,0.55,0.3,0.39999999999999997,0.3,0.5,0.7146056988848803,276.7855329296875,104.54712873991667,1.238589563499466
230,0.35,0.39999999999999997,0.35,0.55,0.35,0.39999999999999997,0.35,0.55,0.3,0.39999999999999997,0.3,0.55,0.7048693976174516,282.4105329296875,104.86437386318974,1.2372180349330122
231,0.35,0.39999999999999997,0.35,0.55,0.35,0.39999999999999997,0.35,0.55,0.35,0.35,0.35,0.5,0.7133310858095637,280.59099621093753,103.29300607866276,1.2489474664823277
232,0.35,0.39999999999999997,0.35,0.55,0.35,0.39999999999999997,0.35,0.55,0.35,0.35,0.35,0.55,0.7034333394875094,287.15349621093753,103.70146555048137,1.2469006185219456
233,0.35,0.39999999999999997,0.35,0.55,0.35,0.39999999999999997,0.35,0.55,0.35,0.39999999999999997,0.35,0.5,0.7061023436777211,286.21599621093753,106.06680564625469,1.226890592355903
234,0.35,0.39999999999999997,0.35,0.55,0.35,0.39999999999999997,0.35,0.55,0.35,0.39999999999999997,0.35,0.55,0.6964243573580351,292.77849621093753,106.48230430198059,1.2247170995052705
235,0.35,0.39999999999999997,0.35,0.6,0.35,0.39999999999999997,0.35,0.6,0.3,0.35,0.3,0.55,0.6981189643608556,289.9105329296875,101.85677328608296,1.2631913771809902
236,0.35,0.39999999999999997,0.35,0.6,0.35,0.39999999999999997,0.35,0.6,0.3,0.35,0.3,0.6,0.6906181412337856,295.53553292968746,102.0662207789245,1.2624964927926956
237,0.35,0.39999999999999997,0.35,0.6,0.35,0.39999999999999997,0.35,0.6,0.3,0.39999999999999997,0.3,0.55,0.6886101029127332,295.5355329296875,105.62534111101688,1.2333582247949524
238,0.35,0.39999999999999997,0.35,0.6,0.35,0.39999999999999997,0.35,0.6,0.3,0.39999999999999997,0.3,0.6,0.68120447731291,301.16053292968746,105.88073650667944,1.2322464825043755
239,0.35,0.39999999999999997,0.35,0.6,0.35,0.39999999999999997,0.35,0.6,0.35,0.35,0.35,0.55,0.6881101153741164,300.2784962109375,104.27748251211382,1.2444569744613143
240,0.35,0.39999999999999997,0.35,0.6,0.35,0.39999999999999997,0.35,0.6,0.35,0.35,0.35,0.6,0.680671563640422,306.8409962109375,104.61048429953664,1.242751527441911
241,0.35,0.39999999999999997,0.35,0.6,0.35,0.39999999999999997,0.35,0.6,0.35,0.39999999999999997,0.35,0.55,0.6809790836343967,305.9034962109375,107.24662470695579,1.2207008586879327
242,0.35,0.39999999999999997,0.35,0.6,0.35,0.39999999999999997,0.35,0.6,0.35,0.39999999999999997,0.35,0.6,0.6737145193579871,312.4659962109375,107.58226386155445,1.2189212406457464
243,0.35,0.39999999999999997,0.35,0.6499999999999999,0.35,0.39999999999999997,0.35,0.6499999999999999,0.3,0.35,0.3,0.6,0.678749702977297,308.66053292968746,102.4476602206639,1.2612207066232226
244,0.35,0.39999999999999997,0.35,0.6499999999999999,0.35,0.39999999999999997,0.35,0.6499999999999999,0.3,0.39999999999999997,0.3,0.6,0.6691215803736884,314.28553292968746,106.49182522615644,1.2290737336388553
245,0.35,0.39999999999999997,0.35,0.6499999999999999,0.35,0.39999999999999997,0.35,0.6499999999999999,0.35,0.35,0.35,0.6,0.669261185180158,319.9659962109375,105.0710745875605,1.2407385999577263
246,0.35,0.39999999999999997,0.35,0.6499999999999999,0.35,0.39999999999999997,0.35,0.6499999999999999,0.35,0.35,0.35,0.6499999999999999,0.6636026237852497,326.5284962109374,105.34192435076623,1.2393247435357266
247,0.35,0.39999999999999997,0.35,0.6499999999999999,0.35,0.39999999999999997,0.35,0.6499999999999999,0.35,0.39999999999999997,0.35,0.6,0.6622069855935515,325.5909962109374,108.19515594570927,1.2156408172491386
248,0.35,0.39999999999999997,0.35,0.6499999999999999,0.35,0.39999999999999997,0.35,0.6499999999999999,0.35,0.39999999999999997,0.35,0.6499999999999999,0.6566884526451799,332.1534962109374,108.46548414824258,1.214191036911064
249,0.35,0.39999999999999997,0.35,0.7,0.35,0.39999999999999997,0.35,0.7,0.35,0.35,0.35,0.6499999999999999,0.6549617508420003,339.6534962109374,105.71236582575119,1.2376607635408283
250,0.35,0.39999999999999997,0.35,0.7,0.35,0.39999999999999997,0.35,0.7,0.35,0.39999999999999997,0.35,0.6499999999999999,0.6479726792478802,345.2784962109374,108.95827198830082,1.2115114199897263
251,0.35,0.39999999999999997,0.39999999999999997,0.45,0.35,0.39999999999999997,0.39999999999999997,0.45,0.35,0.35,0.35,0.45,0.7639735709161873,264.6534962109374,101.54970370943153,1.2564711767499275
252,0.35,0.39999999999999997,0.39999999999999997,0.45,0.35,0.39999999999999997,0.39999999999999997,0.45,0.35,0.39999999999999997,0.35,0.45,0.7566993345310212,270.2784962109375,103.92308291551143,1.237861521556213
253,0.35,0.39999999999999997,0.39999999999999997,0.5,0.35,0.39999999999999997,0.39999999999999997,0.5,0.35,0.35,0.35,0.45,0.7364561356611807,279.6534962109374,102.43373418145673,1.2529071460462502
254,0.35,0.39999999999999997,0.39999999999999997,0.5,0.35,0.39999999999999997,0.39999999999999997,0.5,0.35,0.35,0.35,0.5,0.7241341509695126,286.2159962109375,102.91239238197105,1.2505360121142801
255,0.35,0.39999999999999997,0.39999999999999997,0.5,0.35,0.39999999999999997,0.39999999999999997,0.5,0.35,0.39999999999999997,0.35,0.45,0.729020306568018,285.2784962109375,105.08249417040423,1.2319812902240235
256,0.35,0.39999999999999997,0.39999999999999997,0.5,0.35,0.39999999999999997,0.39999999999999997,0.5,0.35,0.39999999999999997,0.35,0.5,0.7169835208311488,291.8409962109375,105.56652006242848,1.2294763632709163
257,0.35,0.39999999999999997,0.39999999999999997,0.55,0.35,0.39999999999999997,0.39999999999999997,0.55,0.35,0.35,0.35,0.5,0.7045416580279777,301.21599621093753,103.6066288496702,1.2476510350038028
258,0.35,0.39999999999999997,0.39999999999999997,0.55,0.35,0.39999999999999997,0.39999999999999997,0.55,0.35,0.35,0.35,0.55,0.6953222552273055,307.77849621093753,104.00051220141293,1.2456535669981648
259,0.35,0.39999999999999997,0.39999999999999997,0.55,0.35,0.39999999999999997,0.39999999999999997,0.55,0.35,0.39999999999999997,0.35,0.5,0.697246992296043,306.84099621093753,106.48655274180261,1.2247022675100372
260,0.35,0.39999999999999997,0.39999999999999997,0.55,0.35,0.39999999999999997,0.39999999999999997,0.55,0.35,0.39999999999999997,0.35,0.55,0.6882504497845224,313.40349621093753,106.88130589173187,1.2226290411620204
261,0.35,0.39999999999999997,0.39999999999999997,0.6,0.35,0.39999999999999997,0.39999999999999997,0.6,0.35,0.35,0.35,0.55,0.6811013694530075,322.7784962109375,104.54749106774116,1.243308184445325
262,0.35,0.39999999999999997,0.39999999999999997,0.6,0.35,0.39999999999999997,0.39999999999999997,0.6,0.35,0.35,0.35,0.6,0.6741238149045804,329.3409962109375,104.87004420273416,1.241637142915202
263,0.35,0.39999999999999997,0.39999999999999997,0.6,0.35,0.39999999999999997,0.39999999999999997,0.6,0.35,0.39999999999999997,0.35,0.55,0.6739119070466602,328.4034962109375,107.61026194631654,1.2187676271732646
264,0.35,0.39999999999999997,0.39999999999999997,0.6,0.35,0.39999999999999997,0.39999999999999997,0.6,0.35,0.39999999999999997,0.35,0.6,0.6671122558843121,334.9659962109374,107.93037744590127,1.2170641474521777
265,0.35,0.39999999999999997,0.39999999999999997,0.6499999999999999,0.35,0.39999999999999997,0.39999999999999997,0.6499999999999999,0.35,0.35,0.35,0.6,0.6636054939459172,344.3409962109375,105.30332726852845,1.2397234576242366
266,0.35,0.39999999999999997,0.39999999999999997,0.6499999999999999,0.35,0.39999999999999997,0.39999999999999997,0.6499999999999999,0.35,0.35,0.35,0.6499999999999999,0.6582643755976088,350.9034962109375,105.5667869846877,1.2383329583761968
267,0.35,0.39999999999999997,0.39999999999999997,0.6499999999999999,0.35,0.39999999999999997,0.39999999999999997,0.6499999999999999,0.35,0.39999999999999997,0.35,0.6,0.6565024264963771,349.9659962109375,108.50882556254001,1.2139449590151263
268,0.35,0.39999999999999997,0.39999999999999997,0.6499999999999999,0.35,0.39999999999999997,0.39999999999999997,0.6499999999999999,0.35,0.39999999999999997,0.35,0.6499999999999999,0.6513047476223613,356.5284962109375,108.76764083575648,1.2125523090997627
269,0.35,0.39999999999999997,0.39999999999999997,0.7,0.35,0.39999999999999997,0.39999999999999997,0.7,0.35,0.35,0.35,0.6499999999999999,0.6503434718512036,365.9034962109374,105.9124643507042,1.236764625744329
270,0.35,0.39999999999999997,0.39999999999999997,0.7,0.35,0.39999999999999997,0.39999999999999997,0.7,0.35,0.39999999999999997,0.35,0.6499999999999999,0.643314824718278,371.5284962109374,109.22854475050279,1.210029237215782
271,0.35,0.44999999999999996,0.3,0.4,0.35,0.44999999999999996,0.3,0.4,0.3,0.39999999999999997,0.3,0.4,0.804023798106653,224.97303292968746,96.03948126482067,1.281867127025075
272,0.35,0.44999999999999996,0.3,0.4,0.35,0.44999999999999996,0.3,0.4,0.3,0.44999999999999996,0.3,0.4,0.7979531060799029,231.34803292968746,97.32387000561545,1.2726098298306798
273,0.35,0.44999999999999996,0.3,0.45,0.35,0.44999999999999996,0.3,0.45,0.3,0.39999999999999997,0.3,0.4,0.7556496038357068,236.22303292968752,97.30527847992994,1.277336823893501
274,0.35,0.44999999999999996,0.3,0.45,0.35,0.44999999999999996,0.3,0.45,0.3,0.39999999999999997,0.3,0.45,0.7371946768246481,241.84803292968752,97.764629787296,1.2756565186340332
275,0.35,0.44999999999999996,0.3,0.45,0.35,0.44999999999999996,0.3,0.45,0.3,0.44999999999999996,0.3,0.4,0.7493902909425428,242.59803292968752,98.92593887663294,1.2652687542278773
276,0.35,0.44999999999999996,0.3,0.45,0.35,0.44999999999999996,0.3,0.45,0.3,0.44999999999999996,0.3,0.45,0.731132216589525,248.22303292968752,99.44800095903014,1.2630086716740858
277,0.35,0.44999999999999996,0.3,0.5,0.35,0.44999999999999996,0.3,0.5,0.3,0.39999999999999997,0.3,0.45,0.7015454096013652,253.09803292968752,98.79960345914691,1.272005871065868
278,0.35,0.44999999999999996,0.3,0.5,0.35,0.44999999999999996,0.3,0.5,0.3,0.39999999999999997,0.3,0.5,0.6878944112658619,258.7230329296875,99.16991512167512,1.2706833889709912
279,0.35,0.44999999999999996,0.3,0.5,0.35,0.44999999999999996,0.3,0.5,0.3,0.44999999999999996,0.3,0.45,0.6952563316524881,259.4730329296875,100.80875927038001,1.2566223625573172
280,0.35,0.44999999999999996,0.3,0.5,0.35,0.44999999999999996,0.3,0.5,0.3,0.44999999999999996,0.3,0.5,0.6817267463571366,265.0980329296875,101.2415225442469,1.2547335941584365
281,0.35,0.44999999999999996,0.3,0.55,0.35,0.44999999999999996,0.3,0.55,0.3,0.39999999999999997,0.3,0.5,0.6612841556607113,269.9730329296875,100.01636269940649,1.2676980918530605
282,0.35,0.44999999999999996,0.3,0.55,0.35,0.44999999999999996,0.3,0.55,0.3,0.39999999999999997,0.3,0.55,0.6511073791258092,275.5980329296875,100.31412557018534,1.2666470119331275
283,0.35,0.44999999999999996,0.3,0.55,0.35,0.44999999999999996,0.3,0.55,0.3,0.44999999999999996,0.3,0.5,0.654880076559811,276.3480329296875,102.39443101124368,1.2491777455774196
284,0.35,0.44999999999999996,0.3,0.55,0.35,0.44999999999999996,0.3,0.55,0.3,0.44999999999999996,0.3,0.55,0.6447771019276171,281.9730329296875,102.75221217559638,1.247592264212661
285,0.35,0.44999999999999996,0.3,0.6,0.35,0.44999999999999996,0.3,0.6,0.3,0.39999999999999997,0.3,0.55,0.6309871670627389,286.8480329296875,101.00684740739992,1.2641769295154115
286,0.35,0.44999999999999996,0.3,0.6,0.35,0.44999999999999996,0.3,0.6,0.3,0.39999999999999997,0.3,0.6,0.6233291327858005,292.47303292968746,101.24603525535971,1.263334074503214
287,0.35,0.44999999999999996,0.3,0.6,0.35,0.44999999999999996,0.3,0.6,0.3,0.44999999999999996,0.3,0.55,0.6244312816371899,293.2230329296875,103.72608379685353,1.2427703401175125
288,0.35,0.44999999999999996,0.3,0.6,0.35,0.44999999999999996,0.3,0.6,0.3,0.44999999999999996,0.3,0.6,0.6168176898191338,298.84803292968746,104.02122290127112,1.2414365910483178
289,0.35,0.44999999999999996,0.3,0.6499999999999999,0.35,0.44999999999999996,0.3,0.6499999999999999,0.3,0.39999999999999997,0.3,0.6,0.607921708462429,303.72303292968746,101.81363371566005,1.2612744499231974
290,0.35,0.44999999999999996,0.3,0.6499999999999999,0.35,0.44999999999999996,0.3,0.6499999999999999,0.3,0.44999999999999996,0.3,0.6,0.6012060952025989,310.09803292968746,104.84149213673663,1.2372693177887728
291,0.35,0.44999999999999996,0.35,0.4,0.35,0.44999999999999996,0.35,0.4,0.3,0.39999999999999997,0.3,0.4,0.7824668512549576,239.97303292968746,96.59270358756646,1.27985745865305
292,0.35,0.44999999999999996,0.35,0.4,0.35,0.44999999999999996,0.35,0.4,0.3,0.44999999999999996,0.3,0.4,0.7763218508230741,246.34803292968746,98.01848831283337,1.2694170111146266
293,0.35,0.44999999999999996,0.35,0.45,0.35,0.44999999999999996,0.35,0.45,0.3,0.39999999999999997,0.3,0.4,0.7358706732902437,253.09803292968746,97.84341833814952,1.2754180954642638
294,0.35,0.44999999999999996,0.35,0.45,0.35,0.44999999999999996,0.35,0.45,0.3,0.39999999999999997,0.3,0.45,0.7193937871884791,258.72303292968746,98.27304172384683,1.2738417679198297
295,0.35,0.44999999999999996,0.35,0.45,0.35,0.44999999999999996,0.35,0.45,0.3,0.44999999999999996,0.3,0.4,0.7295083323268365,259.47303292968746,99.62728202349348,1.2619816504983887
296,0.35,0.44999999999999996,0.35,0.45,0.35,0.44999999999999996,0.35,0.45,0.3,0.44999999999999996,0.3,0.45,0.7132267008611095,265.09803292968746,100.11256373879378,1.2598780687111277
297,0.35,0.44999999999999996,0.35,0.45,0.35,0.44999999999999996,0.35,0.45,0.35,0.39999999999999997,0.35,0.45,0.7074840552614159,267.2159962109375,99.8698255384734,1.262419173932689
298,0.35,0.44999999999999996,0.35,0.45,0.35,0.44999999999999996,0.35,0.45,0.35,0.44999999999999996,0.35,0.45,0.702314587267084,273.5909962109374,101.45538706036724,1.2502548711294355
299,0.35,0.44999999999999996,0.35,0.5,0.35,0.44999999999999996,0.35,0.5,0.3,0.39999999999999997,0.3,0.45,0.685450663056545,271.8480329296875,99.28421792282256,1.270285690506135
300,0.35,0.44999999999999996,0.35,0.5,0.35,0.44999999999999996,0.35,0.5,0.3,0.39999999999999997,0.3,0.5,0.6732012878895302,277.4730329296875,99.6310425448424,1.2690416283784314
301,0.35,0.44999999999999996,0.35,0.5,0.35,0.44999999999999996,0.35,0.5,0.3,0.44999999999999996,0.3,0.45,0.6790341694737861,278.2230329296875,101.46485939729263,1.2534621834946589
302,0.35,0.44999999999999996,0.35,0.5,0.35,0.44999999999999996,0.35,0.5,0.3,0.44999999999999996,0.3,0.5,0.6669092319685119,283.8480329296875,101.8673825765234,1.2517042133436391
303,0.35,0.44999999999999996,0.35,0.5,0.35,0.44999999999999996,0.35,0.5,0.35,0.39999999999999997,0.35,0.45,0.6753009469197238,280.34099621093753,100.93555013848069,1.2581624046693467
304,0.35,0.44999999999999996,0.35,0.5,0.35,0.44999999999999996,0.35,0.5,0.35,0.39999999999999997,0.35,0.5,0.6627409906264969,286.90349621093753,101.42366029682579,1.2558422100558713
305,0.35,0.44999999999999996,0.35,0.5,0.35,0.44999999999999996,0.35,0.5,0.35,0.44999999999999996,0.35,0.45,0.6700180938798996,286.71599621093753,102.79285175695391,1.2436769846047269
306,0.35,0.44999999999999996,0.35,0.5,0.35,0.44999999999999996,0.35,0.5,0.35,0.44999999999999996,0.35,0.5,0.6576472282718853,293.27849621093753,103.30839219473327,1.2410563507631696
307,0.35,0.44999999999999996,0.35,0.55,0.35,0.44999999999999996,0.35,0.55,0.3,0.39999999999999997,0.3,0.5,0.6481308340472848,290.5980329296875,100.44889856724326,1.2661503783135593
308,0.35,0.44999999999999996,0.35,0.55,0.35,0.44999999999999996,0.35,0.55,0.3,0.39999999999999997,0.3,0.55,0.638951270773702,296.2230329296875,100.72815815141155,1.2651587837498457
309,0.35,0.44999999999999996,0.35,0.55,0.35,0.44999999999999996,0.35,0.55,0.3,0.44999999999999996,0.3,0.5,0.6415890958586996,296.9730329296875,103.00062172906513,1.2461742975555268
310,0.35,0.44999999999999996,0.35,0.55,0.35,0.44999999999999996,0.35,0.55,0.3,0.44999999999999996,0.3,0.55,0.6324886772316453,302.5980329296875,103.33353490794201,1.2446985320125137
311,0.35,0.44999999999999996,0.35,0.55,0.35,0.44999999999999996,0.35,0.55,0.35,0.39999999999999997,0.35,0.5,0.6389312249068824,300.02849621093753,102.28819818769293,1.2523636907847129
312,0.35,0.44999999999999996,0.35,0.55,0.35,0.44999999999999996,0.35,0.55,0.35,0.39999999999999997,0.35,0.55,0.6296349928316081,306.59099621093753,102.68828549051196,1.2504271941741578
313,0.35,0.44999999999999996,0.35,0.55,0.35,0.44999999999999996,0.35,0.55,0.35,0.44999999999999996,0.35,0.5,0.6336982976411866,306.40349621093753,104.41964138792862,1.2354855100229996
314,0.35,0.44999999999999996,0.35,0.55,0.35,0.44999999999999996,0.35,0.55,0.35,0.44999999999999996,0.35,0.55,0.6245392782041058,312.96599621093753,104.84379209227272,1.2332933881615185
315,0.35,0.44999999999999996,0.35,0.6,0.35,0.44999999999999996,0.35,0.6,0.3,0.39999999999999997,0.3,0.55,0.6201727971225153,309.34803292968746,101.39030107979929,1.2627827255257458
316,0.35,0.44999999999999996,0.35,0.6,0.35,0.44999999999999996,0.35,0.6,0.3,0.39999999999999997,0.3,0.6,0.6132301479398534,314.97303292968746,101.61494436389795,1.2619854709411273
317,0.35,0.44999999999999996,0.35,0.6,0.35,0.44999999999999996,0.35,0.6,0.3,0.44999999999999996,0.3,0.55,0.6134791108168043,315.72303292968746,104.28008645975015,1.2399498527145032
318,0.35,0.44999999999999996,0.35,0.6,0.35,0.44999999999999996,0.35,0.6,0.3,0.44999999999999996,0.3,0.6,0.6065872895038578,321.34803292968746,104.5547898511797,1.238708540219341
319,0.35,0.44999999999999996,0.35,0.6,0.35,0.44999999999999996,0.35,0.6,0.35,0.39999999999999997,0.35,0.55,0.6117700487142126,319.7159962109375,103.38923625617876,1.247569533678085
320,0.35,0.44999999999999996,0.35,0.6,0.35,0.44999999999999996,0.35,0.6,0.35,0.39999999999999997,0.35,0.6,0.6048173150534333,326.2784962109374,103.71503476382004,1.2459643020370939
321,0.35,0.44999999999999996,0.35,0.6,0.35,0.44999999999999996,0.35,0.6,0.35,0.44999999999999996,0.35,0.55,0.6065327402564044,326.0909962109375,105.76428184336659,1.2285879297405202
322,0.35,0.44999999999999996,0.35,0.6,0.35,0.44999999999999996,0.35,0.6,0.35,0.44999999999999996,0.35,0.6,0.5996811858110653,332.6534962109374,106.11093519623516,1.2267677195847717
323,0.35,0.44999999999999996,0.35,0.6499999999999999,0.35,0.44999999999999996,0.35,0.6499999999999999,0.3,0.39999999999999997,0.3,0.6,0.598968376044178,328.0980329296874,102.151951318638,1.2600198869810402
324,0.35,0.44999999999999996,0.35,0.6499999999999999,0.35,0.44999999999999996,0.35,0.6499999999999999,0.3,0.44999999999999996,0.3,0.6,0.5921212022017993,334.4730329296874,105.34324958873867,1.2346509817163338
325,0.35,0.44999999999999996,0.35,0.6499999999999999,0.35,0.44999999999999996,0.35,0.6499999999999999,0.35,0.39999999999999997,0.35,0.6,0.5912264710415701,339.4034962109374,104.28375971681484,1.2436088521547755
326,0.35,0.44999999999999996,0.39999999999999997,0.45,0.35,0.44999999999999996,0.39999999999999997,0.45,0.35,0.39999999999999997,0.35,0.45,0.6934881264959978,284.0909962109375,100.32145841012706,1.2606216476785712
327,0.35,0.44999999999999996,0.39999999999999997,0.45,0.35,0.44999999999999996,0.39999999999999997,0.45,0.35,0.44999999999999996,0.35,0.45,0.6882768574884072,290.4659962109375,102.02045833517695,1.2474824595631953
328,0.35,0.44999999999999996,0.39999999999999997,0.5,0.35,0.44999999999999996,0.39999999999999997,0.5,0.35,0.39999999999999997,0.35,0.45,0.6627502509651713,299.0909962109375,101.36490181887106,1.2564540176026333
329,0.35,0.44999999999999996,0.39999999999999997,0.5,0.35,0.44999999999999996,0.39999999999999997,0.5,0.35,0.39999999999999997,0.35,0.5,0.6512863229886784,305.6534962109375,101.83002148768844,1.2542188505012022
330,0.35,0.44999999999999996,0.39999999999999997,0.5,0.35,0.44999999999999996,0.39999999999999997,0.5,0.35,0.44999999999999996,0.35,0.45,0.6574063000104863,305.4659962109374,103.3438390561478,1.2409325375160276
331,0.35,0.44999999999999996,0.39999999999999997,0.5,0.35,0.44999999999999996,0.39999999999999997,0.5,0.35,0.44999999999999996,0.35,0.5,0.6461312890325837,312.0284962109375,103.83026196242429,1.2384468811860032
332,0.35,0.44999999999999996,0.39999999999999997,0.55,0.35,0.44999999999999996,0.39999999999999997,0.55,0.35,0.39999999999999997,0.35,0.5,0.6287554998861112,320.6534962109375,102.66695207958618,1.2508430859188457
333,0.35,0.44999999999999996,0.39999999999999997,0.55,0.35,0.44999999999999996,0.39999999999999997,0.55,0.35,0.39999999999999997,0.35,0.55,0.6202276892513616,327.2159962109375,103.04962201085739,1.248968373700953
334,0.35,0.44999999999999996,0.39999999999999997,0.55,0.35,0.44999999999999996,0.39999999999999997,0.55,0.35,0.44999999999999996,0.35,0.5,0.6234496609693853,327.0284962109375,104.9177830205725,1.2329549021047652
335,0.35,0.44999999999999996,0.39999999999999997,0.55,0.35,0.44999999999999996,0.39999999999999997,0.55,0.35,0.44999999999999996,0.35,0.55,0.6150614246329756,333.5909962109375,105.31897550444852,1.230870009718302
336,0.35,0.44999999999999996,0.39999999999999997,0.6,0.35,0.44999999999999996,0.39999999999999997,0.6,0.35,0.39999999999999997,0.35,0.55,0.60345975966576,342.2159962109375,103.72084393809587,1.246221257929302
337,0.35,0.44999999999999996,0.39999999999999997,0.6,0.35,0.44999999999999996,0.39999999999999997,0.6,0.35,0.39999999999999997,0.35,0.6,0.5970510561786221,348.7784962109374,104.03356736678475,1.2446604458466624
338,0.35,0.44999999999999996,0.39999999999999997,0.6,0.35,0.44999999999999996,0.39999999999999997,0.6,0.35,0.44999999999999996,0.35,0.55,0.5981463126659669,348.5909962109375,106.21005089715092,1.2262800310843176
339,0.35,0.44999999999999996,0.39999999999999997,0.6,0.35,0.44999999999999996,0.39999999999999997,0.6,0.35,0.44999999999999996,0.35,0.6,0.5918424941687087,355.1534962109374,106.53870118583677,1.2245446057885938
340,0.35,0.49999999999999994,0.3,0.4,0.35,0.49999999999999994,0.3,0.4,0.3,0.44999999999999996,0.3,0.4,0.7509283044774241,246.78553292968746,94.21285015604738,1.288798446177696
341,0.35,0.49999999999999994,0.3,0.4,0.35,0.49999999999999994,0.3,0.4,0.3,0.49999999999999994,0.3,0.4,0.746357362349778,253.91053292968746,94.98456057312899,1.2836511514046236
342,0.35,0.49999999999999994,0.3,0.45,0.35,0.49999999999999994,0.3,0.45,0.3,0.44999999999999996,0.3,0.4,0.7018873039015665,258.03553292968746,95.62161785582373,1.2834192126354889
343,0.35,0.49999999999999994,0.3,0.45,0.35,0.49999999999999994,0.3,0.45,0.3,0.44999999999999996,0.3,0.45,0.6844348920951119,263.6605329296875,96.0811499915004,1.2816761254566078
344,0.35,0.49999999999999994,0.3,0.45,0.35,0.49999999999999994,0.3,0.45,0.3,0.49999999999999994,0.3,0.4,0.6972186981181052,265.16053292968746,96.65728032388913,1.2761015024683733
345,0.35,0.49999999999999994,0.3,0.45,0.35,0.49999999999999994,0.3,0.45,0.3,0.49999999999999994,0.3,0.45,0.679935110902147,270.7855329296875,97.16785596921734,1.2738979902279208
346,0.35,0.49999999999999994,0.3,0.5,0.35,0.49999999999999994,0.3,0.5,0.3,0.44999999999999996,0.3,0.45,0.6471922569618938,274.91053292968746,97.27262740933023,1.2771622100478968
347,0.35,0.49999999999999994,0.3,0.5,0.35,0.49999999999999994,0.3,0.5,0.3,0.44999999999999996,0.3,0.5,0.6341572597298792,280.53553292968746,97.65094181004835,1.2757503969134418
348,0.35,0.49999999999999994,0.3,0.5,0.35,0.49999999999999994,0.3,0.5,0.3,0.49999999999999994,0.3,0.45,0.6425731155869212,282.03553292968746,98.62675473288655,1.2671391290809866
349,0.35,0.49999999999999994,0.3,0.5,0.35,0.49999999999999994,0.3,0.5,0.3,0.49999999999999994,0.3,0.5,0.629644990608448,287.66053292968746,99.0573913210578,1.265256833336934
350,0.35,0.49999999999999994,0.3,0.55,0.35,0.49999999999999994,0.3,0.55,0.3,0.44999999999999996,0.3,0.5,0.6055300810109085,291.7855329296875,98.65786676205651,1.2719430884378238
351,0.35,0.49999999999999994,0.3,0.55,0.35,0.49999999999999994,0.3,0.55,0.3,0.44999999999999996,0.3,0.55,0.5957311177762835,297.4105329296875,98.96900354779713,1.2707893671260158
352,0.35,0.49999999999999994,0.3,0.55,0.35,0.49999999999999994,0.3,0.55,0.3,0.49999999999999994,0.3,0.5,0.6008776571736445,298.91053292968746,100.3268193270457,1.2592307400394431
353,0.35,0.49999999999999994,0.3,0.55,0.35,0.49999999999999994,0.3,0.55,0.3,0.49999999999999994,0.3,0.55,0.5911423230396227,304.53553292968746,100.68994011475274,1.257615057178233
354,0.35,0.49999999999999994,0.35,0.4,0.35,0.49999999999999994,0.35,0.4,0.3,0.44999999999999996,0.3,0.4,0.7292180632024934,261.78553292968746,94.82113214736249,1.2864385765068669
355,0.35,0.49999999999999994,0.35,0.4,0.35,0.49999999999999994,0.35,0.4,0.3,0.49999999999999994,0.3,0.4,0.7246070035281986,268.91053292968746,95.70218710165189,1.2803973930358392
356,0.35,0.49999999999999994,0.35,0.45,0.35,0.49999999999999994,0.35,0.45,0.3,0.44999999999999996,0.3,0.4,0.6814626103447293,274.91053292968746,96.23140531797215,1.281072832745101
357,0.35,0.49999999999999994,0.35,0.45,0.35,0.49999999999999994,0.35,0.45,0.3,0.44999999999999996,0.3,0.45,0.6659518348419029,280.53553292968746,96.66007939374022,1.2794471150070166
358,0.35,0.49999999999999994,0.35,0.45,0.35,0.49999999999999994,0.35,0.45,0.3,0.49999999999999994,0.3,0.4,0.6767435547112637,282.03553292968746,97.39860260166938,1.2726605943817788
359,0.35,0.49999999999999994,0.35,0.45,0.35,0.49999999999999994,0.35,0.45,0.3,0.49999999999999994,0.3,0.45,0.6613977928170375,287.66053292968746,97.8733776293597,1.2706064848645238
360,0.35,0.49999999999999994,0.35,0.45,0.35,0.49999999999999994,0.35,0.45,0.35,0.44999999999999996,0.35,0.45,0.654517965201063,289.0284962109374,98.12756654330335,1.2692847362296715
361,0.35,0.49999999999999994,0.35,0.45,0.35,0.49999999999999994,0.35,0.45,0.35,0.49999999999999994,0.35,0.45,0.6505645218256834,296.1534962109374,99.1920069257222,1.261460462375645
362,0.35,0.49999999999999994,0.35,0.5,0.35,0.49999999999999994,0.35,0.5,0.3,0.44999999999999996,0.3,0.45,0.6300500611228528,293.66053292968746,97.84105262129096,1.2749819283907622
363,0.35,0.49999999999999994,0.35,0.5,0.35,0.49999999999999994,0.35,0.5,0.3,0.44999999999999996,0.3,0.5,0.6184363129566703,299.28553292968746,98.19406137654252,1.2736648347857238
364,0.35,0.49999999999999994,0.35,0.5,0.35,0.49999999999999994,0.35,0.5,0.3,0.49999999999999994,0.3,0.45,0.6253598302504809,300.78553292968746,99.33959108574413,1.263741643954277
365,0.35,0.49999999999999994,0.35,0.5,0.35,0.49999999999999994,0.35,0.5,0.3,0.49999999999999994,0.3,0.5,0.6138519352666317,306.41053292968746,99.73998153155756,1.2619897604442816
366,0.35,0.49999999999999994,0.35,0.5,0.35,0.49999999999999994,0.35,0.5,0.35,0.44999999999999996,0.35,0.45,0.6205465463935376,302.1534962109374,99.32596585149581,1.2643855741797043
367,0.35,0.49999999999999994,0.35,0.5,0.35,0.49999999999999994,0.35,0.5,0.35,0.44999999999999996,0.35,0.5,0.6085298794874088,308.7159962109375,99.80628216653531,1.2621402399654331
368,0.35,0.49999999999999994,0.35,0.5,0.35,0.49999999999999994,0.35,0.5,0.35,0.49999999999999994,0.35,0.45,0.6165585615393782,309.2784962109374,100.62894076522679,1.2545082015885427
369,0.35,0.49999999999999994,0.35,0.5,0.35,0.49999999999999994,0.35,0.5,0.35,0.49999999999999994,0.35,0.5,0.6046905199710347,315.8409962109374,101.13939030954813,1.251953329064121
370,0.35,0.49999999999999994,0.35,0.55,0.35,0.49999999999999994,0.35,0.55,0.3,0.44999999999999996,0.3,0.5,0.5910970945029242,312.4105329296875,99.1826295622161,1.2699242979805017
371,0.35,0.49999999999999994,0.39999999999999997,0.45,0.35,0.49999999999999994,0.39999999999999997,0.45,0.35,0.44999999999999996,0.35,0.45,0.6398513923673302,305.9034962109374,98.63043755341971,1.2672219188303013
372,0.35,0.49999999999999994,0.39999999999999997,0.45,0.35,0.49999999999999994,0.39999999999999997,0.45,0.35,0.49999999999999994,0.35,0.45,0.6358890261156419,313.0284962109374,99.79289282374748,1.2585517897822824
373,0.35,0.49999999999999994,0.39999999999999997,0.5,0.35,0.49999999999999994,0.39999999999999997,0.5,0.35,0.44999999999999996,0.35,0.45,0.6070406706556192,320.9034962109374,99.81478876111723,1.2624004403079463
374,0.35,0.49999999999999994,0.39999999999999997,0.5,0.35,0.49999999999999994,0.39999999999999997,0.5,0.35,0.44999999999999996,0.35,0.5,0.5961525390032743,327.4659962109375,100.27030503186211,1.2602533356836492
375,0.35,0.49999999999999994,0.39999999999999997,0.5,0.35,0.49999999999999994,0.39999999999999997,0.5,0.35,0.49999999999999994,0.35,0.45,0.6030237250429862,328.0284962109374,101.22758993247724,1.2515788509834427
376,0.35,0.49999999999999994,0.39999999999999997,0.5,0.35,0.49999999999999994,0.39999999999999997,0.5,0.35,0.49999999999999994,0.35,0.5,0.5922816720860749,334.5909962109374,101.70849630976315,1.249159179897154
377,0.35,0.5499999999999999,0.3,0.4,0.35,0.5499999999999999,0.3,0.4,0.3,0.49999999999999994,0.3,0.4,0.7065788577317141,270.97303292968746,92.21857094688994,1.29690374725598
378,0.35,0.5499999999999999,0.3,0.45,0.35,0.5499999999999999,0.3,0.45,0.3,0.49999999999999994,0.3,0.4,0.6583963786455803,282.2230329296875,93.7069731853014,1.291061648228663
379,0.35,0.5499999999999999,0.3,0.45,0.35,0.5499999999999999,0.3,0.45,0.3,0.49999999999999994,0.3,0.45,0.6419958847757157,287.8480329296875,94.15656017534032,1.289320374070871
380,0.35,0.5499999999999999,0.3,0.5,0.35,0.5499999999999999,0.3,0.5,0.3,0.49999999999999994,0.3,0.45,0.6044825446680563,299.0980329296875,95.45383443481578,1.2841948364658544
381,0.35,0.5499999999999999,0.3,0.5,0.35,0.5499999999999999,0.3,0.5,0.3,0.49999999999999994,0.3,0.5,0.5920829276698768,304.72303292968746,95.83127042738637,1.2827395715415222
382,0.35,0.5499999999999999,0.35,0.4,0.35,0.5499999999999999,0.35,0.4,0.3,0.49999999999999994,0.3,0.4,0.6853614832245027,285.97303292968746,92.85367674003172,1.2943747773617273
383,0.35,0.5499999999999999,0.35,0.45,0.35,0.5499999999999999,0.35,0.45,0.3,0.49999999999999994,0.3,0.4,0.638027245825883,299.09803292968746,94.36120208457577,1.288435694833676
384,0.35,0.5499999999999999,0.35,0.45,0.35,0.5499999999999999,0.35,0.45,0.3,0.49999999999999994,0.3,0.45,0.6234712485680011,304.72303292968746,94.78058302311086,1.2868105308187168
385,0.35,0.5499999999999999,0.35,0.45,0.35,0.5499999999999999,0.35,0.45,0.35,0.49999999999999994,0.35,0.45,0.612260743994986,313.2159962109374,96.16361315226303,1.277575672062585
386,0.35,0.5499999999999999,0.35,0.45,0.35,0.5499999999999999,0.35,0.45,0.35,0.5499999999999999,0.35,0.45,0.6090534260360655,321.0909962109374,96.8464214831511,1.272930363683316
387,0.35,0.5499999999999999,0.39999999999999997,0.45,0.35,0.5499999999999999,0.39999999999999997,0.45,0.35,0.49999999999999994,0.35,0.45,0.5974525904464678,330.0909962109374,96.70294652526144,1.2752959750878328
388,0.35,0.5499999999999999,0.39999999999999997,0.45,0.35,0.5499999999999999,0.39999999999999997,0.45,0.35,0.5499999999999999,0.35,0.45,0.5942535979912291,337.9659962109374,97.46650364409902,1.2699658829378238
389,0.39999999999999997,0.39999999999999997,0.35,0.45,0.39999999999999997,0.39999999999999997,0.35,0.45,0.35,0.35,0.35,0.45,0.7383094216401014,247.94113328125,98.47872600534296,1.2736051295085453
390,0.39999999999999997,0.39999999999999997,0.35,0.45,0.39999999999999997,0.39999999999999997,0.35,0.45,0.35,0.39999999999999997,0.35,0.45,0.7299290486704849,253.56613328125002,100.9696840435249,1.2547199030528595
391,0.39999999999999997,0.39999999999999997,0.35,0.5,0.39999999999999997,0.39999999999999997,0.35,0.5,0.35,0.35,0.35,0.45,0.7093459696740616,261.06613328125,99.29959290601764,1.2709460024089454
392,0.39999999999999997,0.39999999999999997,0.35,0.5,0.39999999999999997,0.39999999999999997,0.35,0.5,0.35,0.35,0.35,0.5,0.6943730447091626,267.62863328125,99.72658487978431,1.2693212061095387
393,0.39999999999999997,0.39999999999999997,0.35,0.5,0.39999999999999997,0.39999999999999997,0.35,0.5,0.35,0.39999999999999997,0.35,0.45,0.7007443849331584,266.69113328125,102.10430942359869,1.249465465042589
394,0.39999999999999997,0.39999999999999997,0.35,0.5,0.39999999999999997,0.39999999999999997,0.35,0.5,0.35,0.39999999999999997,0.35,0.5,0.6860476851799491,273.25363328125,102.57240480436596,1.2474146057835436
395,0.39999999999999997,0.39999999999999997,0.35,0.55,0.39999999999999997,0.39999999999999997,0.35,0.55,0.35,0.35,0.35,0.5,0.6733842443553326,280.75363328125,100.37461962482256,1.2672221926969143
396,0.39999999999999997,0.39999999999999997,0.35,0.55,0.39999999999999997,0.39999999999999997,0.35,0.55,0.35,0.35,0.35,0.55,0.6618575683050225,287.31613328125,100.7203017286484,1.2659347201891522
397,0.39999999999999997,0.39999999999999997,0.35,0.55,0.39999999999999997,0.39999999999999997,0.35,0.55,0.35,0.39999999999999997,0.35,0.5,0.6648677452047994,286.37863328125,103.48665940633107,1.2431102696212444
398,0.39999999999999997,0.39999999999999997,0.35,0.55,0.39999999999999997,0.39999999999999997,0.35,0.55,0.35,0.39999999999999997,0.35,0.55,0.6535532180145953,292.94113328125,103.86759481650529,1.241461659733637
399,0.39999999999999997,0.39999999999999997,0.35,0.6,0.39999999999999997,0.39999999999999997,0.35,0.6,0.35,0.35,0.35,0.55,0.6463728215681941,300.44113328125,101.2340434010491,1.2642537074691251
400,0.39999999999999997,0.39999999999999997,0.35,0.6,0.39999999999999997,0.39999999999999997,0.35,0.6,0.35,0.35,0.35,0.6,0.637399559125633,307.00363328125,101.51365486708423,1.2632312651009268
401,0.39999999999999997,0.39999999999999997,0.35,0.6,0.39999999999999997,0.39999999999999997,0.35,0.6,0.35,0.39999999999999997,0.35,0.55,0.6379142845886451,306.06613328125,104.60257288048328,1.2379447897171412
402,0.39999999999999997,0.39999999999999997,0.35,0.6,0.39999999999999997,0.39999999999999997,0.35,0.6,0.35,0.39999999999999997,0.35,0.6,0.6291088997344279,312.62863328125,104.91146731178809,1.2366236838068037
403,0.39999999999999997,0.39999999999999997,0.35,0.6499999999999999,0.39999999999999997,0.39999999999999997,0.35,0.6499999999999999,0.35,0.35,0.35,0.6,0.6257699864616253,320.12863328124996,101.92348423298803,1.261868290266586
404,0.39999999999999997,0.39999999999999997,0.35,0.6499999999999999,0.39999999999999997,0.39999999999999997,0.35,0.6499999999999999,0.35,0.35,0.35,0.6499999999999999,0.6187114573850039,326.6911332812499,102.14998670593303,1.2610527262484303
405,0.39999999999999997,0.39999999999999997,0.35,0.6499999999999999,0.39999999999999997,0.39999999999999997,0.35,0.6499999999999999,0.35,0.39999999999999997,0.35,0.6,0.6173605771902151,325.7536332812499,105.5026016854533,1.2337529731949592
406,0.39999999999999997,0.39999999999999997,0.35,0.6499999999999999,0.39999999999999997,0.39999999999999997,0.35,0.6499999999999999,0.35,0.39999999999999997,0.35,0.6499999999999999,0.610438343473663,332.3161332812499,105.7527478889457,1.2326956554852464
407,0.39999999999999997,0.39999999999999997,0.35,0.7,0.39999999999999997,0.39999999999999997,0.35,0.7,0.35,0.35,0.35,0.6499999999999999,0.6098264041501321,339.8161332812499,102.47953514155867,1.2599348993161008
408,0.39999999999999997,0.39999999999999997,0.35,0.7,0.39999999999999997,0.39999999999999997,0.35,0.7,0.35,0.39999999999999997,0.35,0.6499999999999999,0.6014648527787751,345.4411332812499,106.22963932792646,1.2303494140505364
409,0.39999999999999997,0.39999999999999997,0.39999999999999997,0.45,0.39999999999999997,0.39999999999999997,0.39999999999999997,0.45,0.35,0.35,0.35,0.45,0.7256786021515955,264.81613328124996,98.83367780531613,1.2724600890393838
410,0.39999999999999997,0.39999999999999997,0.39999999999999997,0.45,0.39999999999999997,0.39999999999999997,0.39999999999999997,0.45,0.35,0.39999999999999997,0.35,0.45,0.717206417985534,270.44113328124996,101.4587328904176,1.2524582930911041
411,0.39999999999999997,0.39999999999999997,0.39999999999999997,0.5,0.39999999999999997,0.39999999999999997,0.39999999999999997,0.5,0.35,0.35,0.35,0.45,0.6981308810681107,279.8161332812499,99.62805872974572,1.2698966659883721
412,0.39999999999999997,0.39999999999999997,0.39999999999999997,0.5,0.39999999999999997,0.39999999999999997,0.39999999999999997,0.5,0.35,0.35,0.35,0.5,0.6842549851331987,286.37863328124996,100.03721134841321,1.2683235312154553
413,0.39999999999999997,0.39999999999999997,0.39999999999999997,0.5,0.39999999999999997,0.39999999999999997,0.39999999999999997,0.5,0.35,0.39999999999999997,0.35,0.45,0.6894354134357357,285.44113328124996,102.56846144942881,1.2472884177469583
414,0.39999999999999997,0.39999999999999997,0.39999999999999997,0.5,0.39999999999999997,0.39999999999999997,0.39999999999999997,0.5,0.35,0.39999999999999997,0.35,0.5,0.6758397453474411,292.00363328124996,103.01073582584654,1.2453518340663394
415,0.39999999999999997,0.39999999999999997,0.39999999999999997,0.5,0.39999999999999997,0.39999999999999997,0.39999999999999997,0.5,0.39999999999999997,0.39999999999999997,0.39999999999999997,0.5,0.6675693277616019,301.4915199999999,104.22195611670908,1.236305215629096
416,0.39999999999999997,0.39999999999999997,0.39999999999999997,0.55,0.39999999999999997,0.39999999999999997,0.39999999999999997,0.55,0.35,0.35,0.35,0.5,0.6644670090216004,301.37863328125,100.65789130469456,1.2663108424970277
417,0.39999999999999997,0.39999999999999997,0.39999999999999997,0.55,0.39999999999999997,0.39999999999999997,0.39999999999999997,0.55,0.35,0.35,0.35,0.55,0.6536923275372375,307.94113328125,100.9902843860663,1.2650607555260458
418,0.39999999999999997,0.39999999999999997,0.39999999999999997,0.55,0.39999999999999997,0.39999999999999997,0.39999999999999997,0.55,0.35,0.39999999999999997,0.35,0.5,0.6558653699816339,307.00363328125,103.89426907976052,1.241162961941559
419,0.39999999999999997,0.39999999999999997,0.39999999999999997,0.55,0.39999999999999997,0.39999999999999997,0.39999999999999997,0.55,0.35,0.39999999999999997,0.35,0.55,0.6453073856684697,313.56613328125,104.2551651258686,1.2396051135579793
420,0.39999999999999997,0.39999999999999997,0.39999999999999997,0.55,0.39999999999999997,0.39999999999999997,0.39999999999999997,0.55,0.39999999999999997,0.39999999999999997,0.39999999999999997,0.5,0.6484969751775419,316.49152,105.1470871025401,1.2316057782939993
421,0.39999999999999997,0.39999999999999997,0.39999999999999997,0.55,0.39999999999999997,0.39999999999999997,0.39999999999999997,0.55,0.39999999999999997,0.39999999999999997,0.39999999999999997,0.55,0.6379360715986059,323.99152000000004,105.60653599024478,1.2292405944970424
422,0.39999999999999997,0.39999999999999997,0.39999999999999997,0.6,0.39999999999999997,0.39999999999999997,0.39999999999999997,0.6,0.35,0.35,0.35,0.55,0.6392043305923772,322.94113328125,101.4778459848296,1.263457392545893
423,0.39999999999999997,0.39999999999999997,0.39999999999999997,0.6,0.39999999999999997,0.39999999999999997,0.39999999999999997,0.6,0.35,0.35,0.35,0.6,0.6307482308382815,329.50363328125,101.74767177773352,1.2624620533082833
424,0.39999999999999997,0.39999999999999997,0.39999999999999997,0.6,0.39999999999999997,0.39999999999999997,0.39999999999999997,0.6,0.35,0.39999999999999997,0.35,0.55,0.630673488571957,328.56613328125,104.9576180007262,1.2362190662968358
425,0.39999999999999997,0.39999999999999997,0.39999999999999997,0.6,0.39999999999999997,0.39999999999999997,0.39999999999999997,0.6,0.35,0.39999999999999997,0.35,0.6,0.6223895289279974,335.12863328125,105.25116586850643,1.2349692598714122
426,0.39999999999999997,0.39999999999999997,0.39999999999999997,0.6,0.39999999999999997,0.39999999999999997,0.39999999999999997,0.6,0.39999999999999997,0.39999999999999997,0.39999999999999997,0.55,0.6239134123848611,338.99152000000004,106.34956472715507,1.225398979393872
427,0.39999999999999997,0.39999999999999997,0.39999999999999997,0.6,0.39999999999999997,0.39999999999999997,0.39999999999999997,0.6,0.39999999999999997,0.39999999999999997,0.39999999999999997,0.6,0.6157186158019725,346.49152,106.72991087588434,1.2234260804951396
428,0.39999999999999997,0.39999999999999997,0.39999999999999997,0.6499999999999999,0.39999999999999997,0.39999999999999997,0.39999999999999997,0.6499999999999999,0.35,0.35,0.35,0.6,0.6199386277812712,344.50363328125,102.13357054373684,1.261168464798206
429,0.39999999999999997,0.39999999999999997,0.39999999999999997,0.6499999999999999,0.39999999999999997,0.39999999999999997,0.39999999999999997,0.6499999999999999,0.35,0.35,0.35,0.6499999999999999,0.6132378190684998,351.06613328124996,102.35295072781364,1.26037238633445
430,0.39999999999999997,0.39999999999999997,0.39999999999999997,0.6499999999999999,0.39999999999999997,0.39999999999999997,0.39999999999999997,0.6499999999999999,0.35,0.39999999999999997,0.35,0.6,0.6114705862106868,350.12863328125,105.8106164515907,1.2322324376418359
431,0.39999999999999997,0.39999999999999997,0.39999999999999997,0.6499999999999999,0.39999999999999997,0.39999999999999997,0.39999999999999997,0.6499999999999999,0.35,0.39999999999999997,0.35,0.6499999999999999,0.6049096926588949,356.69113328124996,106.04914070307308,1.2312304927215934
432,0.39999999999999997,0.39999999999999997,0.39999999999999997,0.6499999999999999,0.39999999999999997,0.39999999999999997,0.39999999999999997,0.6499999999999999,0.39999999999999997,0.39999999999999997,0.39999999999999997,0.6,0.6052143339393855,361.49152,107.328470113023,1.2202811784563914
433,0.39999999999999997,0.39999999999999997,0.39999999999999997,0.6499999999999999,0.39999999999999997,0.39999999999999997,0.39999999999999997,0.6499999999999999,0.39999999999999997,0.39999999999999997,0.39999999999999997,0.6499999999999999,0.5987887474241906,368.99152,107.64308615005345,1.2186375192671541
434,0.39999999999999997,0.39999999999999997,0.39999999999999997,0.7,0.39999999999999997,0.39999999999999997,0.39999999999999997,0.7,0.35,0.35,0.35,0.6499999999999999,0.6050261006495884,366.0661332812499,102.66122836939492,1.2593160600927324
435,0.39999999999999997,0.39999999999999997,0.39999999999999997,0.7,0.39999999999999997,0.39999999999999997,0.39999999999999997,0.7,0.35,0.39999999999999997,0.35,0.6499999999999999,0.5966186106061967,371.6911332812499,106.49666438189342,1.229013005399247
436,0.39999999999999997,0.39999999999999997,0.39999999999999997,0.7,0.39999999999999997,0.39999999999999997,0.39999999999999997,0.7,0.39999999999999997,0.39999999999999997,0.39999999999999997,0.6499999999999999,0.5907790847884471,383.9915199999999,108.12789289159615,1.2160529413672576
437,0.39999999999999997,0.39999999999999997,0.44999999999999996,0.5,0.39999999999999997,0.39999999999999997,0.44999999999999996,0.5,0.39999999999999997,0.39999999999999997,0.39999999999999997,0.5,0.6594216086656305,320.2415199999999,104.61174354024736,1.2343380647776927
438,0.39999999999999997,0.39999999999999997,0.44999999999999996,0.55,0.39999999999999997,0.39999999999999997,0.44999999999999996,0.55,0.39999999999999997,0.39999999999999997,0.39999999999999997,0.5,0.641349525521538,337.11652,105.51040565709917,1.2297426715592494
439,0.39999999999999997,0.39999999999999997,0.44999999999999996,0.55,0.39999999999999997,0.39999999999999997,0.44999999999999996,0.55,0.39999999999999997,0.39999999999999997,0.39999999999999997,0.55,0.6313819453795113,344.61652000000004,105.95061002463619,1.2274721042295735
440,0.39999999999999997,0.39999999999999997,0.44999999999999996,0.6,0.39999999999999997,0.39999999999999997,0.44999999999999996,0.6,0.39999999999999997,0.39999999999999997,0.39999999999999997,0.55,0.6181831311245174,361.49152000000004,106.6656975404999,1.223749797163515
441,0.39999999999999997,0.39999999999999997,0.44999999999999996,0.6,0.39999999999999997,0.39999999999999997,0.44999999999999996,0.6,0.39999999999999997,0.39999999999999997,0.39999999999999997,0.6,0.6103925121283084,368.99152,107.0316692327535,1.2218487523773272
442,0.39999999999999997,0.39999999999999997,0.44999999999999996,0.6499999999999999,0.39999999999999997,0.39999999999999997,0.44999999999999996,0.6499999999999999,0.39999999999999997,0.39999999999999997,0.39999999999999997,0.6,0.6005619934780972,385.8665199999999,107.60307941202305,1.21882625646749
443,0.39999999999999997,0.39999999999999997,0.44999999999999996,0.6499999999999999,0.39999999999999997,0.39999999999999997,0.44999999999999996,0.6499999999999999,0.39999999999999997,0.39999999999999997,0.39999999999999997,0.6499999999999999,0.5944134510897991,393.3665199999999,107.907112857683,1.2172361771186293
444,0.39999999999999997,0.44999999999999996,0.35,0.45,0.39999999999999997,0.44999999999999996,0.35,0.45,0.35,0.39999999999999997,0.35,0.45,0.6776285903911553,267.37863328124996,97.87489500969933,1.2743627596698737
445,0.39999999999999997,0.44999999999999996,0.35,0.45,0.39999999999999997,0.44999999999999996,0.35,0.45,0.35,0.44999999999999996,0.35,0.45,0.6718449729231294,273.75363328124996,99.6213109626888,1.2612497906316127
446,0.39999999999999997,0.44999999999999996,0.35,0.5,0.39999999999999997,0.44999999999999996,0.35,0.5,0.35,0.39999999999999997,0.35,0.45,0.6459409204684199,280.50363328125,98.87496826242754,1.2708771102993393
447,0.39999999999999997,0.44999999999999996,0.35,0.5,0.39999999999999997,0.44999999999999996,0.35,0.5,0.35,0.39999999999999997,0.35,0.5,0.6319474288701562,287.06613328125,99.30724514906161,1.2692085332456358
448,0.39999999999999997,0.44999999999999996,0.35,0.5,0.39999999999999997,0.44999999999999996,0.35,0.5,0.35,0.44999999999999996,0.35,0.45,0.6399751879445518,286.87863328125,100.92315485952986,1.2552444401678244
449,0.39999999999999997,0.44999999999999996,0.35,0.5,0.39999999999999997,0.44999999999999996,0.35,0.5,0.35,0.44999999999999996,0.35,0.5,0.6261548165194997,293.44113328125,101.40484953299276,1.2531023445668839
450,0.39999999999999997,0.44999999999999996,0.35,0.55,0.39999999999999997,0.44999999999999996,0.35,0.55,0.35,0.39999999999999997,0.35,0.5,0.6085312679295193,300.19113328125,100.11857976342989,1.266393738282741
451,0.39999999999999997,0.44999999999999996,0.35,0.55,0.39999999999999997,0.44999999999999996,0.35,0.55,0.35,0.39999999999999997,0.35,0.55,0.5978625832293705,306.75363328125,100.47136754094518,1.2650542093249093
452,0.39999999999999997,0.44999999999999996,0.35,0.55,0.39999999999999997,0.44999999999999996,0.35,0.55,0.35,0.44999999999999996,0.35,0.5,0.6025514428296759,306.56613328125,102.49281678073334,1.2479795925920134
453,0.39999999999999997,0.44999999999999996,0.35,0.55,0.39999999999999997,0.44999999999999996,0.35,0.55,0.35,0.44999999999999996,0.35,0.55,0.5920048343593638,313.12863328125,102.89233338718962,1.2462019856660036
454,0.39999999999999997,0.44999999999999996,0.39999999999999997,0.45,0.39999999999999997,0.44999999999999996,0.39999999999999997,0.45,0.35,0.39999999999999997,0.35,0.45,0.6638845236925658,284.25363328124996,98.30279805342883,1.2728644775366857
455,0.39999999999999997,0.44999999999999996,0.39999999999999997,0.45,0.39999999999999997,0.44999999999999996,0.39999999999999997,0.45,0.35,0.44999999999999996,0.35,0.45,0.6580285835674943,290.62863328124996,100.17521017298824,1.2586935652007514
456,0.39999999999999997,0.44999999999999996,0.39999999999999997,0.5,0.39999999999999997,0.44999999999999996,0.39999999999999997,0.5,0.35,0.39999999999999997,0.35,0.45,0.6335114267434047,299.25363328124996,99.28150900091326,1.2694690420510177
457,0.39999999999999997,0.44999999999999996,0.39999999999999997,0.5,0.39999999999999997,0.44999999999999996,0.39999999999999997,0.5,0.35,0.39999999999999997,0.35,0.5,0.6207041275635188,305.81613328124996,99.69255401437361,1.2678708778781618
458,0.39999999999999997,0.44999999999999996,0.39999999999999997,0.5,0.39999999999999997,0.44999999999999996,0.39999999999999997,0.5,0.35,0.44999999999999996,0.35,0.45,0.6274587258180427,305.62863328124996,101.46588693910476,1.2526971939280678
459,0.39999999999999997,0.44999999999999996,0.39999999999999997,0.5,0.39999999999999997,0.44999999999999996,0.39999999999999997,0.5,0.35,0.44999999999999996,0.35,0.5,0.614826342401718,312.19113328124996,101.91991415365217,1.2506753811012548
460,0.39999999999999997,0.44999999999999996,0.39999999999999997,0.5,0.39999999999999997,0.44999999999999996,0.39999999999999997,0.5,0.39999999999999997,0.39999999999999997,0.39999999999999997,0.5,0.6120334783577073,315.3040199999999,101.15247616316182,1.2571459867686416
461,0.39999999999999997,0.44999999999999996,0.39999999999999997,0.5,0.39999999999999997,0.44999999999999996,0.39999999999999997,0.5,0.39999999999999997,0.44999999999999996,0.39999999999999997,0.5,0.6070650049030414,321.6790199999999,103.08223694125064,1.2421418623342062
462,0.39999999999999997,0.44999999999999996,0.39999999999999997,0.55,0.39999999999999997,0.44999999999999996,0.39999999999999997,0.55,0.35,0.39999999999999997,0.35,0.5,0.5984787029687197,320.81613328124996,100.4784226181832,1.265142327648098
463,0.39999999999999997,0.44999999999999996,0.39999999999999997,0.55,0.39999999999999997,0.44999999999999996,0.39999999999999997,0.55,0.35,0.44999999999999996,0.35,0.5,0.5924061809619714,327.19113328124996,102.98728933231763,1.2456028071761025
464,0.39999999999999997,0.44999999999999996,0.39999999999999997,0.55,0.39999999999999997,0.44999999999999996,0.39999999999999997,0.55,0.39999999999999997,0.39999999999999997,0.39999999999999997,0.5,0.5907592668897331,330.3040199999999,102.0204797357975,1.2535671930888406
465,0.39999999999999997,0.44999999999999996,0.44999999999999996,0.5,0.39999999999999997,0.44999999999999996,0.44999999999999996,0.5,0.39999999999999997,0.39999999999999997,0.39999999999999997,0.5,0.602979982637744,334.0540199999999,101.51364696322582,1.2556769993545762
466,0.39999999999999997,0.44999999999999996,0.44999999999999996,0.5,0.39999999999999997,0.44999999999999996,0.44999999999999996,0.5,0.39999999999999997,0.44999999999999996,0.39999999999999997,0.5,0.5979770790215911,340.4290199999999,103.5340952307948,1.2398996800597084
467,0.39999999999999997,0.49999999999999994,0.35,0.45,0.39999999999999997,0.49999999999999994,0.35,0.45,0.35,0.44999999999999996,0.35,0.45,0.6306791188514953,289.1911332812499,96.643540442516,1.2784655203769515
468,0.39999999999999997,0.49999999999999994,0.35,0.45,0.39999999999999997,0.49999999999999994,0.35,0.45,0.35,0.49999999999999994,0.35,0.45,0.6264510374614537,296.3161332812499,97.81568780448352,1.2699456749199922
469,0.39999999999999997,0.49999999999999994,0.35,0.5,0.39999999999999997,0.49999999999999994,0.35,0.5,0.35,0.44999999999999996,0.35,0.45,0.5972669309162666,302.31613328124996,97.7953948432218,1.2741907935378165
470,0.39999999999999997,0.49999999999999994,0.35,0.5,0.39999999999999997,0.49999999999999994,0.35,0.5,0.35,0.49999999999999994,0.35,0.45,0.5929345654556845,309.44113328124996,99.22744018487786,1.2634888559559787
471,0.39999999999999997,0.49999999999999994,0.39999999999999997,0.45,0.39999999999999997,0.49999999999999994,0.39999999999999997,0.45,0.35,0.44999999999999996,0.35,0.45,0.6162761140965339,306.06613328124996,97.13090760301725,1.2766373808270721
472,0.39999999999999997,0.49999999999999994,0.39999999999999997,0.45,0.39999999999999997,0.49999999999999994,0.39999999999999997,0.45,0.35,0.49999999999999994,0.35,0.45,0.6120084465150828,313.19113328124996,98.40985072016345,1.2672185829442657
473,0.39999999999999997,0.5499999999999999,0.35,0.45,0.39999999999999997,0.5499999999999999,0.35,0.45,0.35,0.49999999999999994,0.35,0.45,0.5928159884965426,313.37863328125,95.04605641168207,1.284716534593811
