IML,C,D,1_R_ISDR_SD,1_R_ISDR_NSD,1_R_ISDR_TOTAL,1_R_PFA,1_R_TOTAL,2_R_ISDR_SD,2_R_ISDR_NSD,2_R_ISDR_TOTAL,2_R_PFA,2_R_TOTAL,3_R_ISDR_SD,3_R_ISDR_NSD,3_R_ISDR_TOTAL,3_R_PFA,3_R_TOTAL,4_R_ISDR_SD,4_R_ISDR_NSD,4_R_ISDR_TOTAL,4_R_PFA,4_R_TOTAL,5_R_ISDR_SD,5_R_ISDR_NSD,5_R_ISDR_TOTAL,5_R_PFA,5_R_TOTAL,6_R_ISDR_SD,6_R_ISDR_NSD,6_R_ISDR_TOTAL,6_R_PFA,6_R_TOTAL,R_ISDR_SD_TOTAL,R_ISDR_NSD_TOTAL,R_ISDR_TOTAL_TOTAL,R_PFA_TOTAL,R_TOTAL_TOTAL,E_NC_ND_ISDR_S,E_NC_ND_ISDR_NS,E_NC_ND_ISDR_TOTAL,E_NC_ND_PFA_TOTAL,E_NC_ND_S,E_NC_ND_NS,E_NC_ND,E_NC_D,E_C,E_LT
0.05,7.871439993693603e-18,3.2027250775977705e-09,123.4447901132921,14812.242267742966,14935.687057856258,225.4655208832311,15161.15257873949,571.7102187872741,17896.1677923714,18467.878011158675,491.97926066331274,18959.857271821988,698.202408983691,20252.596273430536,20950.798682414228,556.461154456436,21507.259836870664,680.1602238604288,19907.050951804253,20587.21117566468,573.3793480420504,21160.59052370673,458.30030607067533,15615.788636040099,16074.088942110775,589.8110969165025,16663.900039027278,187.81941190202414,9043.673339268844,9231.492751170868,329.1244269885199,9560.617178159388,2719.6373597173856,97527.5192606581,100247.15662037548,2766.2208079500524,103013.37742832553,2719.637351007135,97527.51894830426,100247.15629931139,2766.2207990906077,2719.637351007135,100293.73974739487,103013.377098402,0.005666060076151103,1.392565731041112e-11,103013.38276446209
0.1,3.540546729677551e-11,4.248823555976733e-06,516.5804545601884,29114.106101943784,29630.686556503973,519.4390471247539,30150.125603628727,1516.6416018005357,32952.40535326793,34469.046955068465,651.5715837054129,35120.61853877388,1702.1047998335403,36894.77886818146,38596.883668015005,731.2764586366959,39328.1601266517,1658.7854038351597,36440.66584880759,38099.45125264275,605.9534925561776,38705.404745198925,1279.5641863170142,29658.51585417854,30938.08004049555,419.2747917312748,31357.354832226825,601.9863982528092,18342.545683034074,18944.53208128688,1058.0399097557142,20002.571991042594,7275.662844599247,183403.01770941343,190678.68055401265,3985.5552835100293,194664.23583752263,7275.631931333971,183402.2384558581,190677.87038719206,3985.5383494477474,7275.631931333971,187387.77680530585,194663.40873663983,7.516751808848588,6.2637129278109e-05,194670.9255510858
0.15000000000000002,4.459605017237289e-08,0.00012588082499146483,900.9824817494203,37793.32458989055,38694.307071639974,505.47352602732474,39199.7805976673,1983.5162817865835,43423.002529671125,45406.51881145771,637.5569370848709,46044.07574854258,1792.0411657779669,49001.19715679191,50793.23832256988,968.9784094452075,51762.216732015084,1806.684649651972,47971.43922700631,49778.12387665828,859.2693657000445,50637.393242358325,1810.1658255163609,37965.64156902913,39775.807394545496,542.4208837922398,40318.22827833774,897.4312551164478,23532.876565610113,24430.30782072656,2138.78240015258,26569.09022087914,9190.82165959875,239687.48163799912,248878.30329759791,5652.481522202268,254530.78481980017,9189.664301563142,239657.298892301,248846.96319386418,5651.7697311183865,9189.664301563142,245309.06862341939,254498.73292498253,222.70044032752966,0.0788965313330113,254721.5122618414
0.2,3.1463770200320667e-06,0.000971922526216201,1318.7901798218854,46103.92645666232,47422.716636484205,3433.783048843306,50856.49968532751,1349.0818537978198,54613.94619809214,55963.02805188996,3303.681859027398,59266.70991091736,814.2593715067663,62443.621410709646,63257.88078221641,5835.970022213304,69093.85080442972,938.5003415588608,61046.75992723012,61985.26026878898,5537.850884529422,67523.1111533184,1660.6146471454826,47967.457852483036,49628.07249962852,4552.175270523054,54180.247770151575,1316.6549003413486,29831.383213400426,31148.038113741775,8104.442302665817,39252.48041640759,7397.901294172164,302007.0950585777,309404.9963527499,30767.903387802304,340172.8997405521,7390.687853294044,301712.6182551776,309103.3061084716,30737.902656080394,7390.687853294044,332450.52091125795,339841.20876455196,1719.4588865641067,5.566372631363875,341566.23402374744
0.25,5.406030777108189e-05,0.0038731814159735562,1598.4008829069492,52603.010321965856,54201.411204872806,5270.902171856234,59472.31337672904,564.1741750489326,65892.17331646614,66456.34749151507,5234.467892998022,71690.81538451309,692.4128731308,74894.79362565873,75587.20649878953,9892.851778472279,85480.0582772618,657.5728255672993,72841.71055230913,73499.28337787643,9958.551198589088,83457.83457646552,1162.9857375492145,57580.46630665769,58743.452044206904,8095.086842801791,66838.53888700869,1638.6259594239377,35706.90157179313,37345.52753121707,13092.062992078854,50437.59052329593,6314.172453627134,359519.0556948507,365833.22814847785,51543.92287679627,417377.15102527407,6289.376494211725,358107.2127368784,364396.5892310902,51341.50822481288,6289.376494211725,409448.7209616913,415738.097455903,6851.818893883659,95.64010152127007,422685.55645130796
0.3,0.00041163943662346004,0.010530334526704035,1432.9324547581732,59713.35308317611,61146.28553793428,8834.230226872462,69980.51576480674,1491.1697422122077,75771.06999685192,77262.23973906413,8195.218905508556,85457.45864457269,4013.000140535175,85983.59264923805,89996.59278977323,14481.048174221156,104477.64096399439,3593.049332422027,82681.23168436652,86274.28101678855,14725.08010380724,100999.36112059579,1376.197932430448,68149.44618598747,69525.64411841791,13293.600871507606,82819.24498992552,1647.785961790939,42540.78912613028,44188.57508792122,21118.390711428212,65306.96579934943,13554.135564148968,414839.4827257504,428393.6182898994,80647.56899334522,509041.1872832445,13405.885318835242,410302.118111914,423708.00343074923,79765.47497631008,13405.885318835242,490067.5930882241,503473.4784070594,18621.937858896013,728.2466403176056,522823.66290627304
0.35000000000000003,0.0018689161214068882,0.022434940080310294,1160.8536239273199,66864.16066003164,68025.01428395897,13620.368143986345,81645.38242794531,3504.0189631114035,85108.5122104331,88612.5311735445,13315.126310825266,101927.65748436976,8975.590549172477,95692.8446270841,104668.43517625658,20185.564533143115,124853.9997093997,8129.586024654352,93478.06867712009,101607.65470177443,20799.773549315312,122407.42825108975,3182.948360886001,77123.05116484838,80305.99952573438,19047.921053184647,99353.92057891903,1632.257458762634,48602.81721516706,50235.074673929696,27878.662607271748,78113.73728120144,26585.254980514186,466869.45455468434,493454.7095351986,114847.41619772643,608302.125732925,25940.245460101436,455542.30184547027,481482.54730557173,112060.9965490665,25940.245460101436,567603.2983945368,593543.5438546382,39616.308884685386,3306.3690340606427,636466.2217733843
0.4,0.005973876987698521,0.0404824794297931,976.7123024880289,73927.94616811407,74904.6584706021,14217.623883869794,89122.28235447188,5253.165152567209,90977.60105118807,96230.76620375528,14855.177405020455,111085.94360877573,12854.395945065251,101890.98292550586,114745.3788705711,23336.669333898528,138082.04820446964,11993.939650701635,100135.39795989914,112129.33761060078,25610.26739788288,137739.60500848366,5437.0414336142985,84853.25510427859,90290.2965378929,23661.606686236977,113951.90322412987,1978.6963941670733,55869.54957945812,57848.2459736252,31981.423250001448,89829.66922362664,38493.9508786035,507654.73278844386,546148.6836670474,133662.76795691007,679811.4516239574,36714.971451828605,484193.7134614427,520908.6849132713,127485.60741885524,36714.971451828605,611679.3208802979,648394.2923321265,71191.21685123032,10568.608007161398,730154.1171905183
0.45,0.014875563939135758,0.06487231725098774,2747.7274605507073,84057.49293319593,86805.22039374664,20356.559867956927,107161.78026170356,9731.305515350236,97197.06333749862,106928.36885284886,20395.86027632191,127324.22912917077,18117.32805773149,106804.3738613098,124921.70191904128,29180.178943396342,154101.88086243763,17768.504025100516,105789.67326175637,123558.17728685688,31213.386966957885,154771.56425381475,10884.072614814842,93510.9379708709,104395.01058568574,29084.291335363294,133479.30192104905,4612.261665744982,68474.26582462354,73086.52749036852,38655.874089061705,111742.40157943022,63861.19933929277,555833.8071892551,619695.006528548,168886.15147905805,788581.1580076059,58830.030844780194,512043.625234515,570873.6560792952,155580.81595025735,58830.030844780194,667624.4411847724,726454.4720295526,113060.79053496919,26316.91353570361,865832.1761002253
0.5,0.03081258167136618,0.0952056372080421,6442.983428458508,93775.17545088318,100218.15887934169,23171.301463902448,123389.46034324414,15766.59980056831,102690.436163442,118457.03596401031,22422.512314863787,140879.5482788741,23781.984647666173,110882.63572649608,134664.62037416224,32113.367267285135,166777.98764144737,22331.392076907818,109552.57214016464,131883.96421707247,34365.31150382475,166249.27572089722,14329.719524988637,98035.53740212644,112365.25692711509,32442.031529643733,144807.28845675883,4626.443239286848,71744.62847464882,76371.07171393567,42781.34096798359,119152.41268191926,87279.1227178763,586680.9853577613,673960.1080756375,187295.86504750344,861255.973123141,76536.3991809578,514469.5396671587,591005.9388481164,164242.6120454402,76536.3991809578,678712.1517125989,755248.5508935567,163242.01477988187,54511.68446285209,973002.2501362907
0.55,0.05551110019688565,0.13066708600391608,10950.468219971073,101554.20542974012,112504.67364971119,28476.888250378786,140981.56190008996,21662.74712577313,106954.64584127531,128617.39296704845,27078.706887309767,155696.0998543582,28988.852583511933,114040.10805649286,143028.96064000478,37176.25251826201,180205.2131582668,26075.29133775499,112476.1240173405,138551.4153550955,38924.52791310314,177475.94326819864,15868.196642816441,100834.43641307521,116702.63305589165,36245.56408338069,152948.19713927235,6492.51266765372,76842.67011267936,83335.18278033308,47791.237009931945,131126.41979026503,110038.06857748129,612702.1898706034,722740.2584480846,215693.1766623663,938433.435110451,90349.5387935079,503074.62670159887,593424.1654951067,177100.33704044393,90349.5387935079,680174.9637420428,770524.5025355506,218335.6125068695,98206.75237123773,1087066.8674136577
0.6000000000000001,0.08976162467072224,0.17021171086789771,20758.985466343947,113706.6924715392,134465.67793788313,30941.618775315033,165407.29671319816,30193.061313712245,113581.89770382515,143774.9590175374,30143.01050600128,173917.96952353866,35795.854172474086,118902.07575110011,154697.9299235742,41779.21310139238,196477.1430249666,29937.479573680153,116628.55666122575,146566.0362349059,47088.05826805494,193654.09450296086,17853.501197716578,105159.53024053283,123013.0314382494,44005.17378286089,167018.2052211103,8414.419062999357,82213.5823492118,90628.00141221116,54740.8935213019,145368.89493351307,142953.30078692635,650192.3351774348,793145.6359643613,248697.96795492643,1041843.6039192877,107973.36345999873,491093.61545738345,599066.9789173823,187842.85454020227,107973.36345999873,678936.4699975858,786909.8334575845,274098.1427656223,158800.62933741248,1219808.6055606194
0.6500000000000001,0.1332912609881503,0.21271886257121753,33287.53851405528,124507.14262720369,157794.68114125897,34792.62428137435,192587.30542263333,39743.878840929465,119569.9742733156,159313.85311424505,33163.29813729648,192477.15125154154,43936.757375648696,123375.909290465,167312.6666661137,43637.64851545228,210950.315181566,37057.54810754311,121270.41888273964,158327.96699028276,48984.17194692473,207312.1389372075,28568.13341304473,114005.3597658611,142573.49317890583,45658.308545568914,188231.80172447476,14349.624186116289,92804.01988864677,107153.64407476305,57094.637247809645,164248.2813225727,196943.4804373376,695532.8247282318,892476.3051655693,263330.6886744264,1155806.9938399957,134383.09229521683,474592.26155773125,608975.353852948,179681.96845976711,134383.09229521683,654274.2300174984,788657.3223127152,326167.5055649737,235810.52824904548,1350635.3561267345
0.7000000000000001,0.18489781680482065,0.2571018588937405,52077.57358942507,135692.62122208747,187770.19481151254,39389.41996969678,227159.61478120933,56576.3648935598,126783.77621984469,183360.14111340448,37687.38645579727,221047.52756920175,56300.98500915931,128563.71245503044,184864.69746418975,47533.38529116209,232398.08275535185,41382.62795799759,124025.43738728577,165408.06534528336,51735.23964137559,217143.30498665897,29822.76400723938,116599.6069125134,146422.37091975278,48336.28930535604,194758.66022510882,13132.804414570155,93271.48562885888,106404.29004342903,60453.04365369024,166857.33369711926,249293.1198719513,724936.6398256207,974229.7596975719,285134.76431707805,1259364.52401465,150956.4314708753,438976.6081261019,589933.0395969771,172659.90546271013,150956.4314708753,611636.513588812,762592.9450596872,370747.9750170718,327109.6059081934,1460450.5259849525
0.7500000000000001,0.24273751860023185,0.3023763688855859,54965.90102019069,138409.21421195893,193375.1152321496,43675.39971074682,237050.51494289644,60971.205438410136,129095.92481830817,190067.13025671832,42448.68162311136,232515.81187982968,60231.723388313636,130662.84429168631,190894.56767999995,51523.65503623558,242418.22271623553,50024.019455866866,127237.30535518688,177261.32481105375,54443.346547397654,231704.67135845142,42801.304017262926,121538.02006745175,164339.3240847147,51784.684438195516,216124.0085229102,15860.536003480269,97640.29369640585,113500.82969988612,64923.68934810266,178424.51904798878,284854.6893235245,744583.6024409978,1029438.2917645226,308799.4567037896,1338237.7484683122,150484.2322297719,393351.7542235451,543835.986453317,163133.87455687157,150484.2322297719,556485.6287804167,706969.8610101886,405093.9921120596,429435.97399136215,1541499.8271136105
0.8,0.3046542432360744,0.34769601223480295,60439.07828152139,142380.41754116476,202819.49582268615,49078.41273489983,251897.90855758596,65635.35935515945,131186.49496072833,196821.8543158878,46337.23466359639,243159.08897948416,66410.36582424819,132694.5315638731,199104.8973881213,54827.82127318834,253932.71866130963,54090.45145659284,129129.58102907398,183220.0324856668,57610.02675922924,240830.05924489605,47582.83864329375,124753.86661251275,172336.7052558065,55177.367574444535,227514.07283025104,21482.850864920954,104311.46776264977,125794.31862757073,68595.9499022724,194390.26852984313,315640.94442573655,764456.3594700027,1080097.3038957394,331626.8129076308,1411724.11680337,143167.412682027,346739.676922339,489907.0896043661,150418.23191332744,143167.412682027,497157.9088356665,640325.3215176935,427722.4375023816,538975.1548467876,1607022.9138668627
0.8500000000000001,0.3684709863522277,0.3923645293026885,62802.64622313304,145437.67031730764,208240.31654044066,49111.87680086378,257352.19334130443,68498.1227917546,133437.36037247555,201935.48316423016,47016.76989715119,248952.25306138134,69092.69679989395,134421.0095400033,203513.70633989724,55102.75817717995,258616.4645170772,56247.358798666726,131126.0924089645,187373.4512076312,58182.994504495335,245556.44571212656,46150.67871431008,125469.47817478879,171620.15688909887,55578.81133231947,227198.96822141833,21816.19661974088,106316.68062525419,128132.87724499506,69415.72633483917,197548.60357983422,324607.69994749926,776208.2914387939,1100815.9913862932,334408.9370468489,1435224.9284331421,124564.77357840724,297861.726904179,422426.50048258627,128325.89471098123,124564.77357840724,426187.62161516026,550752.3951935675,438373.77114696056,651875.7290764183,1641001.8954169464
0.9000000000000001,0.4322042368560969,0.43583266399358644,64214.007392639855,146993.64472965818,211207.65212229802,49759.51825575389,260967.1703780519,70155.56419365329,134598.2456394293,204753.8098330826,47342.24583435277,252096.05566743537,69754.19186468558,135201.14900323175,204955.34086791734,55068.32751649375,260023.66838441108,56944.44017813125,131757.65098968023,188702.09116781148,57960.237489489155,246662.32865730062,46771.28205182881,125528.73365091035,172300.01570273915,55272.46266949179,227572.47837223095,23985.880125922522,107756.89907751033,131742.77920343284,69400.57546206244,201143.35466549528,331825.3658068613,781836.3230904201,1113661.6888972814,334803.3672276437,1448465.0561249251,106294.22437596157,250447.05473246105,356741.27910842263,107248.17300024132,106294.22437596157,357695.2277327024,463989.452108664,437797.6620103637,764628.5934197321,1666415.7075387598
0.9500000000000001,0.4941934079839835,0.47768605021652777,69701.09313233981,148926.08682075195,218627.17995309178,54152.47374256728,272779.6536956591,74367.67989047417,136016.7829567519,210384.46284722607,50589.453613872494,260973.91646109856,74553.57702176891,136795.2447642886,211348.8217860575,59125.01556126349,270473.837347321,66518.98015144074,134666.18468085828,201185.16483229902,62183.055358003956,263368.220190303,58877.44030626668,130234.38525127803,189111.8255575447,59553.27380029566,248665.09935784037,32465.68390669926,114809.12427031362,147274.8081770129,73659.91048514888,220934.7186621618,376484.4544089896,801447.8087442424,1177932.263153232,359263.1825611518,1537195.4457143839,99463.36735957,211734.3674808252,311197.7348403952,94913.68232439524,99463.36735957,306648.04980522045,406111.41716479044,427453.18607650977,874295.9420592423,1707860.5453005424
1.0,0.5531562855455564,0.5176285880059354,71838.53809983171,149924.81756247237,221763.3556623041,56740.53873936661,278503.8944016707,75898.40251010294,136699.59186123198,212597.9943713349,52628.51871373193,265226.5130850668,76493.05596123688,137437.04335399723,213930.0993152341,59841.232355314576,273771.3316705487,69005.96846151323,135108.76633084755,204114.73479236077,62790.83506766027,266905.56986002106,57017.27433539486,129787.41318717701,186804.68752257188,59727.67541555996,246532.36293813185,29907.018864743004,112865.97322351747,142772.99208826048,74299.59597288817,217072.58806114865,380160.2582328226,801823.6055192437,1181983.8637520662,366028.3962645215,1548012.260016588,81941.50352524,172828.77516891132,254770.2786941513,78895.45651686346,81941.50352524,251724.23168577478,333665.73521101475,409199.8084740514,978609.3621724662,1721474.9058575323
1.05,0.6081893910255216,0.5554643008807499,75827.25436488271,151721.1535848706,227548.4079497533,60506.199368199166,288054.6073179525,79398.36319252494,137945.70969619774,217344.07288872267,55875.04713967155,273219.1200283942,80304.50006511027,138658.39598914096,218962.89605425124,62838.2780022319,281801.17405648314,75501.38354493663,136794.48479236252,212295.86833729915,65257.90697203888,277553.775309338,66635.78014232474,132495.17541082148,199130.95555314622,62375.662083153235,261506.61763629946,34071.18444949074,116793.20387911107,150864.3883286018,77778.93171779893,228643.32004640074,411738.46575927,814408.1233525043,1226146.5891117745,384632.0252830937,1610778.614394868,71714.05441559908,141848.56002439818,213562.6144399973,66992.82259253632,71714.05441559908,208841.38261693448,280555.4370325336,385029.3695690455,1075970.4763085966,1741555.2829101756
1.1,0.6587329146065402,0.5910795353906533,76764.98104273222,152171.1475642938,228936.128607026,61945.232398103384,290881.3610051294,80159.21281885478,138244.38988412303,218403.6027029778,57310.47512533725,275714.0778283151,80871.09931833614,138866.18797222225,219737.2872905584,63570.448031971486,283307.73532252986,76364.64148723095,137128.39584109155,213493.0373283225,66184.00994768032,279677.0472760028,67483.18085186556,133116.04093804077,200599.22178990633,63484.47857354813,264083.70036345447,39572.237378925725,120884.62475979459,160456.86213872032,79082.11157686413,239538.97371558443,421215.3528979454,820410.7869595658,1241626.1398575113,391576.7556535047,1633202.895511016,58781.06377614734,114489.22376434274,173270.2875404901,54644.96507301407,58781.06377614734,169134.1888373568,227915.25261350416,356863.2622365126,1165388.9040948537,1750167.4189448706
1.1500000000000001,0.7045168845208839,0.6244265602814217,78586.5024364995,153279.63443926163,231866.13687576115,62255.149334035974,294121.28620979714,81846.68542225799,139091.10466324622,220937.7900855042,57504.76700708242,278442.55709258665,82594.24235455597,139652.77419708524,222247.01655164122,63768.03874252637,286015.0552941676,78174.1906808734,137910.42084649988,216084.6115273733,66226.16703190829,282310.7785592816,70799.47187885677,134514.3254037637,205313.79728262048,63606.8528728387,268920.6501554592,42984.783312914245,123676.9702145605,166661.75352747474,79427.92408965438,246089.6776171291,434985.8760859579,828125.2297644172,1263111.1058503753,392788.8990780461,1655900.0049284215,48272.822965798034,91901.70257856567,140174.52554436374,43589.987699688725,48272.822965798034,135491.6902782544,183764.51324405242,326419.09151748056,1246387.028434,1756570.633195533
1.2000000000000002,0.7455009326594457,0.6555090804279562,80919.00661609434,154350.91429382947,235269.9209099238,63274.62028744667,298544.54119737045,83706.10575447198,139833.07964531245,223539.18539978442,58346.58858374107,281885.77398352546,84179.80427747505,140166.41816770492,224346.22244517997,64715.98823356566,289062.21067874564,79625.97663629748,138276.98867973732,217902.9653160348,66933.06843155499,284836.0337475898,73323.92406993467,135199.95908819992,208523.8831581346,65221.422183925475,273745.30534206005,43286.82980248761,124607.84995151257,167894.6797540002,81068.22916887142,248962.9089228716,445041.64715676114,832435.2098262965,1277476.8569830577,399559.9168891053,1677036.773872163,39017.96620883151,72981.77394306492,111999.74015189642,35030.463856995426,39017.96620883151,108012.23780006035,147030.20400889186,295138.8779351405,1318893.4326025206,1761062.514546553
1.2500000000000002,0.7818158029301787,0.6843698328460587,82069.49319910021,154824.36907249774,236893.86227159796,62590.0804686855,299483.94274028344,84505.91579624973,140212.61492902844,224718.53072527816,56644.19564237523,281362.7263676534,85001.7962189934,140524.42802419548,225526.2242431889,63315.291919431955,288841.51616262086,79640.74303727948,138296.32052316595,217937.06356044544,66393.27531767367,284330.33887811913,73384.40821274437,135194.7940058042,208579.20221854857,64611.66041595624,273190.8626345048,42808.8709402003,124067.47331522388,166876.34425542416,80231.48049729584,247107.82475272001,447411.22740456753,833119.9998699157,1280531.227274483,393785.98426141846,1674317.2115359018,30811.204409228456,57373.23750750896,88184.44191673741,27118.27444508139,30811.204409228456,84491.51195259034,115302.7163618188,264165.2358273932,1383139.4205116483,1762607.3727008603
1.3,0.8137112793514409,0.7110802219496417,82787.01178247065,155187.84265514198,237974.85443761264,63691.17764516126,301666.0320827739,85316.19656003054,140443.7477564318,225759.94431646235,58882.27808141627,284642.22239787865,85849.58103706487,140665.27078869237,226514.85182575724,65033.42290454438,291548.27473030164,80947.3439330097,138735.627138062,219682.9710710717,67249.31092325776,286932.2819943294,74814.4250460174,135827.27388723835,210641.69893325574,65596.23746874886,276237.9364020046,44628.824434755355,125347.48879345441,169976.31322820976,81605.55104696278,251581.86427517253,454343.3827933485,836207.2510190209,1290550.6338123695,402057.9780700913,1692608.611882461,24453.89482263308,45006.76127518949,69460.65609782258,21639.763845308204,24453.89482263308,66646.5251204977,91100.41994313078,234350.92608234173,1439566.894360226,1765018.2403856986
1.35,0.8415126633135126,0.735731834662565,84134.69432582086,155829.192665882,239963.88699170286,63955.6039558949,303919.4909475978,86302.46085784837,140856.85656251045,227159.31742035883,59333.19432311629,286492.5117434751,86540.24595638471,140966.36615211767,227506.61210850236,65286.9411464053,292793.55325490766,81862.0017088351,139156.50877598295,221018.51048481805,67769.36514128395,288787.875626102,76161.80005138795,136391.42130429932,212553.22135568727,67117.66915461633,279670.8905103036,44587.23830316961,125450.8737228867,170038.1120260563,82952.03028326521,252990.1423093215,459588.4412034466,838651.219183679,1298239.6603871256,406414.804004582,1704654.4643917077,19249.01515788606,35125.36126447124,54374.3764223573,17021.935325850453,19249.01515788606,52147.2965903217,71396.31174820775,206288.7907286719,1488751.3569390106,1766436.4594158903
1.4000000000000001,0.8655862341899434,0.7584296206107739,84165.60040242627,155914.77650756936,240080.37690999563,64079.40042638208,304159.7773363777,86322.81131711912,140883.85616762098,227206.6674847401,59410.69293927358,286617.3604240137,86549.64289410232,140972.2079850936,227521.85087919593,65576.29146948147,293098.1423486774,81992.19594984324,139221.94964079294,221214.14559063618,67965.49690429191,289179.6424949281,76326.32590742726,136526.2373408075,212852.56324823477,67202.42832226591,280054.99157050066,44246.50448731454,125525.7082435824,169772.21273089695,83141.23155426356,252913.4442851605,459603.0809582327,839044.7358854667,1298647.8168436994,407375.5416159585,1706023.358459658,14923.488710997575,27244.10510456656,42167.593815564134,13227.640432190145,14923.488710997575,40471.7455367567,55395.23424775428,180351.82834301138,1531340.8067133408,1767087.8693041066
1.4500000000000002,0.8863131144819153,0.7792865055362301,83935.16100256905,155790.62559785266,239725.7866004217,63910.58009619014,303636.36669661186,86123.30760687019,140800.85293267394,226924.16053954413,59218.53306782433,286142.69360736845,86419.0948251235,140923.53824542245,227342.63307054594,65659.66905171791,293002.3021222638,81809.44272901499,139126.49544203083,220935.93817104583,68011.83274712581,288947.7709181716,76103.40123811753,136414.6498298381,212518.05106795562,67202.42832226591,279720.47939022153,43970.58388900164,125476.68611510561,169447.27000410724,83224.83840510412,252672.10840921136,458360.9912906969,838532.8481629236,1296893.8394536204,407227.88169022824,1704121.7211438485,11501.29931446256,21040.658902000927,32541.95821646348,10218.255579134673,11501.29931446256,31258.9144811356,42760.21379559816,156736.1011920406,1568009.5016778153,1767505.816665454
1.5000000000000002,0.9040704427433459,0.7984192116740183,84189.55796134498,155928.26837990634,240117.82634125132,63917.26585559602,304035.0921968473,86361.67809891682,140777.62788218525,227139.30598110205,59082.56633855979,286221.87231966184,86558.55912792558,140977.55054362383,227536.1096715494,65466.620020435614,293002.729691985,82146.87006536905,139352.96234047128,221499.83240584034,67918.47635815592,289418.30876399623,76623.70114792354,136686.30541383856,213310.0065617621,67191.85610840551,280501.8626701676,46117.29468334523,126754.78136210644,172872.0760454517,83087.58008521583,255959.6561306675,461997.6610848252,840477.4959221317,1302475.1570069569,406664.36476636876,1709139.5217733255,8933.905539405485,16252.780455496157,25186.68599490164,7863.894835601815,8933.905539405485,24116.67529109797,33050.58083050346,135501.7590426609,1599424.6516777235,1767976.991550888
1.55,0.9192185699865397,0.8159450767830956,84729.56738102398,156246.36523895312,240975.9326199771,64569.9563654409,305545.888985418,86803.87358555969,141134.59603112578,227938.46961668547,59706.81914225079,287645.2887589363,86952.18254695075,141196.08453395852,228148.26708090928,65604.94780722451,293753.2148881338,82434.56047266141,139521.31564807065,221955.87612073205,67966.50765959953,289922.3837803316,77024.38485379601,136983.07899276368,214007.4638465597,67208.34782090512,281215.8116674648,47057.30602304593,127504.60426827503,174561.91029132096,83160.41974205051,257722.33003337146,465001.8748630377,842586.0447131468,1307587.9195761846,408216.99853747134,1715804.918113656,6913.750128668738,12527.754596184868,19441.504724853607,6069.460100552273,6913.750128668738,18597.21469673714,25510.964825405877,116609.51198582936,1626223.7670939912,1768344.2439052265
1.6,0.9320930096381906,0.8319796871995897,84827.29234951848,156302.56941719534,241129.86176671382,64552.182302812944,305682.0440695268,86941.41937835931,141175.33020014662,228116.74957850593,59720.56163562124,287837.31121412717,87207.8460767148,141255.0287374963,228462.8748142111,65726.44105886233,294189.3158730734,83161.473093332,139888.33648262935,223049.80957596135,68078.74920529593,291128.55878125725,77893.0436665891,137489.93314728243,215382.97681387153,67258.69244304931,282641.6692569208,48523.13467796984,128665.15530064369,177188.28997861352,83317.66809661838,260505.9580752319,468554.2092424835,844776.3532853937,1313330.5625278773,408654.2947422601,1721984.8572701374,5346.088151570527,9638.690174883857,14984.778326454385,4662.644876762578,5346.088151570527,14301.335051646434,19647.42320321696,99951.36296605579,1649000.4172108818,1768599.2033801547
1.6500000000000001,0.942999995288986,0.846635165612333,84827.29234951848,156302.56941719534,241129.86176671382,64549.56165651526,305679.4234232291,86941.41937835931,141175.33020014662,228116.74957850593,59720.56163562124,287837.31121412717,87221.88186364065,141257.56964774017,228479.45151138082,65726.44105886233,294205.89257024316,83177.9055012562,139892.3612883715,223070.2667896277,68078.74920529593,291149.01599492365,77914.43724021874,137500.4543378739,215414.89157809265,67258.69244304931,282673.584021142,48540.190109144656,128682.2766468039,177222.46675594855,83317.66809661838,260540.13485256693,468623.12644213805,844810.5615381316,1313433.6879802695,408651.67409596243,1722085.362076232,4096.607904672693,7385.161826356014,11481.769731028706,3572.349685490717,4096.607904672693,10957.511511846731,15054.119416519425,85375.3917360591,1668296.3712655702,1768725.8824181487
1.7000000000000002,0.9522146730025237,0.8600189788641038,84828.24644270993,156304.9993628452,241133.24580555514,64549.56165651526,305682.80746207037,86955.03206745711,141178.39918766613,228133.43125512323,59720.56163562124,287853.99289074447,87221.88186364065,141257.56964774017,228479.45151138082,65728.15364315378,294207.60515453457,83197.66876375666,139899.133569423,223096.80233317966,68088.25817462764,291185.0605078073,77926.06816416548,137507.68690861904,215433.75507278452,67266.48882808955,282700.24390087405,48540.190109144656,128682.2766468039,177222.46675594855,83337.57369380884,260560.0404497574,468669.0874108745,844830.0653230975,1313499.1527339718,408690.5976318163,1722189.7503657883,3134.9457421180064,5651.101144155531,8786.046886273536,2733.7472927167883,3134.9457421180064,8384.848436872318,11519.794178990325,72704.97211103288,1684598.4003946006,1768823.1666846238
1.7500000000000002,0.9599811377463513,0.8722331536837572,84840.78776021971,156308.43064715056,241149.21840737027,64529.75360405205,305678.97201142233,86956.49570681623,141179.71179735896,228136.2075041752,59703.330942200366,287839.5384463756,87236.67373907201,141260.22349605663,228496.89723512862,65733.31258979971,294230.2098249283,83200.48141078844,139901.8262399846,223102.30765077303,68093.41712127357,291195.7247720466,77926.06816416548,137507.68690861904,215433.75507278452,67266.48882808955,282700.24390087405,48540.190109144656,128682.2766468039,177222.46675594855,83337.57369380884,260560.0404497574,468700.69689020654,844840.1557359737,1313540.8526261803,408663.87677922414,1722204.7294054043,2396.5059512447624,4319.738533578694,6716.244484823455,2089.532657532156,2396.5059512447624,6409.27119111085,8805.777142355611,61753.111116064814,1698338.3420853943,1768897.2303438147
1.8,0.9665136950813508,0.8833738082768102,84841.98590291911,156311.3355950883,241153.32149800743,64524.308737926425,305677.6302359339,86971.21738904493,141183.12958310198,228154.34697214692,59697.886076074734,287852.2330482217,87250.1809475371,141261.8676679365,228512.04861547358,65743.80425554578,294255.8528710194,83218.19085040421,139906.0500135409,223124.2408639451,68103.90878701964,291228.14965096477,77945.07667746783,137512.91563919542,215457.99231666327,67266.48882808955,282724.4811447528,48557.98386995579,128699.66155484923,177257.645424805,83361.54481257785,260619.19023738283,468784.63563732896,844874.9600537124,1313659.5956910416,408697.941497234,1722357.5371882753,1830.782242306399,3299.5579552916893,5130.34019759809,1596.1208556740803,1830.782242306399,4895.67881096577,6726.461053272169,52332.714299124906,1709895.332277875,1768954.507630272
1.85,0.9719988791353931,0.8935309249923358,84843.42501094642,156314.65963792257,241158.084648869,64522.045560086866,305680.13020895584,86984.90543204869,141185.15496163076,228170.06039367945,59697.886076074734,287867.9464697542,87252.13725715035,141262.96588375274,228515.10314090308,65760.89827710738,294276.00141801045,83221.12933050835,139908.74489248358,223129.87422299193,68121.00280858125,291250.8770315732,77945.07667746783,137512.91563919542,215457.99231666327,67266.48882808955,282724.4811447528,48557.98386995579,128699.66155484923,177257.645424805,83361.54481257785,260619.19023738283,468804.6575780775,844884.1025698343,1313688.7601479115,408729.86636251764,1722418.6265104294,1397.625496982774,2518.8136351873745,3916.439132170148,1218.527319156331,1397.625496982774,3737.3409543437056,5134.96645132648,44263.578204128746,1719599.375436728,1768997.9200921832
1.9000000000000001,0.9765978825318102,0.9027883039343644,84845.09639853073,156318.3392313044,241163.43562983512,64527.49042621249,305690.9260560476,86988.77174203793,141188.36458270132,228177.13632473926,59703.330942200366,287880.46726693964,87287.13594183256,141269.84522512378,228556.98116695634,65733.31258979971,294290.29375675606,83245.73176274609,139918.47616799446,223164.20793074055,68093.41712127357,291257.62505201413,77980.36675787138,137542.9150333891,215523.28179126047,67266.48882808955,282789.77061935,48643.43958257661,128685.43787886723,177328.87746144383,83361.54481257785,260690.42227402166,468990.54218559526,844923.3781193803,1313913.9203049757,408685.58472015354,1722599.505025129,1066.934503711055,1922.166491687852,2989.1009953989073,929.74316598202,1066.934503711055,2851.909657669872,3918.8441613809273,37376.841037647704,1727735.6434282558,1769031.3286272844
1.9500000000000002,0.9804491537751798,0.9112236496178522,84846.98775721644,156322.30911388953,241169.29687110597,64525.841183233875,305695.13805433986,87012.56348064974,141197.5884717564,228210.15195240616,59705.23730571951,287915.3892581257,87315.16712454217,141277.66433595732,228592.8314604995,65730.06000667294,294322.8914671724,83291.75252235896,139949.56439600696,223241.31691836592,68088.25817462764,291329.57509299356,78121.27467623897,137645.20760374764,215766.4822799866,67266.48882808955,283032.97110807616,48880.172425384095,128787.08577608224,177667.25820146635,83361.54481257785,261028.80301404418,469467.91798639036,845179.41969744,1314647.3376838304,408677.43031092134,1723324.7679947517,814.8332944960986,1466.9380049358992,2281.771299431998,709.3221158854595,814.8332944960986,2176.2601208213587,2991.093415317457,31517.5214577648,1734549.0706521913,1769057.6855252734
2.0,0.9836709951127373,0.9189087528611777,84862.5252918649,156330.09411122976,241192.61940309466,64525.841183233875,305718.4605863285,87059.53528806221,141217.54802101394,228277.08330907614,59718.6967780276,287995.7800871037,87374.35299656658,141292.0657739572,228666.4187705238,65748.67842562695,294415.09719615075,83595.72548428897,140145.66319309644,223741.3886773854,68093.41712127357,291834.805798659,78464.59919120767,137880.62857184367,216345.22776305134,67266.48882808955,283611.7165911409,49321.089160077456,129216.46450254339,178537.55366262083,83337.57369380884,261875.12735642967,470677.82741206774,846082.4641736844,1316760.2915857523,408690.6960300604,1725450.9876158123,623.2430422596648,1120.3311017931348,1743.5741440528,541.1634411110655,623.2430422596648,1661.4945429042004,2284.7375851638653,26545.665766093505,1740248.9500149619,1769079.3533662192
2.05,0.9863640524372757,0.9259097383511306,84862.5252918649,156330.09411122976,241192.61940309466,64525.841183233875,305718.4605863285,87068.43448805444,141221.03687948076,228289.47136753518,59718.6967780276,288008.16814556275,87384.06284888877,141294.62882714788,228678.69167603666,65759.17009137302,294437.86176740966,83629.17572807673,140173.159733177,223802.3354612537,68103.90878701964,291906.2442482733,78522.81027229739,137912.5891861203,216435.3994584177,67266.48882808955,283701.8882865072,49412.1543307317,129276.58879613243,178688.74312686414,83337.57369380884,262026.31682067298,470879.16295991396,846208.0975332882,1317087.260493202,408711.6793615526,1725798.9398547544,475.7249440517013,854.9163596975523,1330.6413037492532,412.91769968191124,475.7249440517013,1267.8340593794635,1743.559003431165,22336.51883620119,1745013.3379095353,1769093.4157491676
2.1,0.9886136318611011,0.9322873549930881,84862.5252918649,156330.09411122976,241192.61940309466,64525.841183233875,305718.4605863285,87068.43448805444,141221.03687948076,228289.47136753518,59718.6967780276,288008.16814556275,87384.06284888877,141294.62882714788,228678.69167603666,65759.17009137302,294437.86176740966,83629.17572807673,140173.159733177,223802.3354612537,68103.90878701964,291906.2442482733,78522.81027229739,137912.5891861203,216435.3994584177,67266.48882808955,283701.8882865072,49412.1543307317,129276.58879613243,178688.74312686414,83337.57369380884,262026.31682067298,470879.16295991396,846208.0975332882,1317087.260493202,408711.6793615526,1725798.9398547544,363.0483543548515,652.4273771641986,1015.4757315190499,315.1171558858109,363.0483543548515,967.5445330500095,1330.592887404861,18780.040713611263,1748993.1525525793,1769103.7861535954
2.15,0.9904918084070358,0.9380972915249189,84862.5252918649,156330.09411122976,241192.61940309466,64525.841183233875,305718.4605863285,87068.43448805444,141221.03687948076,228289.47136753518,59718.6967780276,288008.16814556275,87384.06284888877,141294.62882714788,228678.69167603666,65759.17009137302,294437.86176740966,83629.17572807673,140173.159733177,223802.3354612537,68103.90878701964,291906.2442482733,78522.81027229739,137912.5891861203,216435.3994584177,67266.48882808955,283701.8882865072,49412.1543307317,129276.58879613243,178688.74312686414,83337.57369380884,262026.31682067298,470879.16295991396,846208.0975332882,1317087.260493202,408711.6793615526,1725798.9398547544,277.1513819905264,498.0635418409677,775.2149238314939,240.5606696603101,277.1513819905264,738.6242115012778,1015.7755934918042,15780.011703311808,1752315.9045481598,1769111.6918449635
2.1999999999999997,0.9920593136439293,0.9433905041545345,84862.5252918649,156330.09411122976,241192.61940309466,64525.841183233875,305718.4605863285,87068.43448805444,141221.03687948076,228289.47136753518,59718.6967780276,288008.16814556275,87384.06284888877,141294.62882714788,228678.69167603666,65759.17009137302,294437.86176740966,83629.17572807673,140173.159733177,223802.3354612537,68103.90878701964,291906.2442482733,78522.81027229739,137912.5891861203,216435.3994584177,67266.48882808955,283701.8882865072,49412.1543307317,129276.58879613243,178688.74312686414,83337.57369380884,262026.31682067298,470879.16295991396,846208.0975332882,1317087.260493202,408711.6793615526,1725798.9398547544,211.6687778998749,380.3859842256333,592.0547621255082,183.72335938600472,211.6687778998749,564.109343611638,775.7781215115128,13252.904165631428,1755089.036373943,1769117.718661086
2.25,0.9933672033768727,0.9482135463733996,84862.5252918649,156330.09411122976,241192.61940309466,64525.841183233875,305718.4605863285,87068.43448805444,141221.03687948076,228289.47136753518,59718.6967780276,288008.16814556275,87384.06284888877,141294.62882714788,228678.69167603666,65759.17009137302,294437.86176740966,83629.17572807673,140173.159733177,223802.3354612537,68103.90878701964,291906.2442482733,78522.81027229739,137912.5891861203,216435.3994584177,67266.48882808955,283701.8882865072,49412.1543307317,129276.58879613243,178688.74312686414,83337.57369380884,262026.31682067298,470879.16295991396,846208.0975332882,1317087.260493202,408711.6793615526,1725798.9398547544,161.741819745875,290.6631856852422,452.4050054311171,140.3879720559172,161.741819745875,431.0511577411594,592.7929774870344,11126.648052244136,1757402.8727539913,1769122.3137837225
2.3,0.9944583155633445,0.9526088937674995,84862.5252918649,156330.09411122976,241192.61940309466,64525.841183233875,305718.4605863285,87068.43448805444,141221.03687948076,228289.47136753518,59718.6967780276,288008.16814556275,87384.06284888877,141294.62882714788,228678.69167603666,65759.17009137302,294437.86176740966,83629.17572807673,140173.159733177,223802.3354612537,68103.90878701964,291906.2442482733,78522.81027229739,137912.5891861203,216435.3994584177,67266.48882808955,283701.8882865072,49412.1543307317,129276.58879613243,178688.74312686414,83337.57369380884,262026.31682067298,470879.16295991396,846208.0975332882,1317087.260493202,408711.6793615526,1725798.9398547544,123.66537278711964,222.23671818292362,345.90209097004316,107.33854068416039,123.66537278711964,329.575258867084,453.24063165420364,9339.377677895813,1759333.199912452,1769125.818222002
2.35,0.9953685339343418,0.9566152587320629,84862.5252918649,156330.09411122976,241192.61940309466,64525.841183233875,305718.4605863285,87068.43448805444,141221.03687948076,228289.47136753518,59718.6967780276,288008.16814556275,87384.06284888877,141294.62882714788,228678.69167603666,65759.17009137302,294437.86176740966,83629.17572807673,140173.159733177,223802.3354612537,68103.90878701964,291906.2442482733,78522.81027229739,137912.5891861203,216435.3994584177,67266.48882808955,283701.8882865072,49412.1543307317,129276.58879613243,178688.74312686414,83337.57369380884,262026.31682067298,470879.16295991396,846208.0975332882,1317087.260493202,408711.6793615526,1725798.9398547544,94.61608433791427,170.03278764843438,264.64887198634864,82.12446369739932,94.61608433791427,252.15725134583369,346.773335683748,7838.217400173306,1760943.5010927066,1769128.4918285636
2.4,0.9961278754774071,0.9602678916117569,84862.5252918649,156330.09411122976,241192.61940309466,64525.841183233875,305718.4605863285,87068.43448805444,141221.03687948076,228289.47136753518,59718.6967780276,288008.16814556275,87384.06284888877,141294.62882714788,228678.69167603666,65759.17009137302,294437.86176740966,83629.17572807673,140173.159733177,223802.3354612537,68103.90878701964,291906.2442482733,78522.81027229739,137912.5891861203,216435.3994584177,67266.48882808955,283701.8882865072,49412.1543307317,129276.58879613243,178688.74312686414,83337.57369380884,262026.31682067298,470879.16295991396,846208.0975332882,1317087.260493202,408711.6793615526,1725798.9398547544,72.44366264949397,130.1871451767559,202.63080782624988,62.87934007200282,72.44366264949397,193.06648524875874,265.51014789825274,6578.141897654806,1762286.8804640488,1769130.532509602
2.45,0.9967614208281973,0.9635988660286124,84862.5252918649,156330.09411122976,241192.61940309466,64525.841183233875,305718.4605863285,87068.43448805444,141221.03687948076,228289.47136753518,59718.6967780276,288008.16814556275,87384.06284888877,141294.62882714788,228678.69167603666,65759.17009137302,294437.86176740966,83629.17572807673,140173.159733177,223802.3354612537,68103.90878701964,291906.2442482733,78522.81027229739,137912.5891861203,216435.3994584177,67266.48882808955,283701.8882865072,49412.1543307317,129276.58879613243,178688.74312686414,83337.57369380884,262026.31682067298,470879.16295991396,846208.0975332882,1317087.260493202,408711.6793615526,1725798.9398547544,55.51098124842485,99.7577415385325,155.2687227869573,48.18218378242999,55.51098124842485,147.9399253209625,203.45090656938734,5520.930922580099,1763407.7091120188,1769132.0909411684
2.5,0.9972901063376243,0.9666373471026584,84862.5252918649,156330.09411122976,241192.61940309466,64525.841183233875,305718.4605863285,87068.43448805444,141221.03687948076,228289.47136753518,59718.6967780276,288008.16814556275,87384.06284888877,141294.62882714788,228678.69167603666,65759.17009137302,294437.86176740966,83629.17572807673,140173.159733177,223802.3354612537,68103.90878701964,291906.2442482733,78522.81027229739,137912.5891861203,216435.3994584177,67266.48882808955,283701.8882865072,49412.1543307317,129276.58879613243,178688.74312686414,83337.57369380884,262026.31682067298,470879.16295991396,846208.0975332882,1317087.260493202,408711.6793615526,1725798.9398547544,42.57182803036681,76.50503237315215,119.07686040351895,36.95131298316478,42.57182803036681,113.45634535631693,156.02817338668373,4634.227333532446,1764343.026313847,1769133.2818207662
2.55,0.9977313955785634,0.9694098419776799,84862.5252918649,156330.09411122976,241192.61940309466,64525.841183233875,305718.4605863285,87068.43448805444,141221.03687948076,228289.47136753518,59718.6967780276,288008.16814556275,87384.06284888877,141294.62882714788,228678.69167603666,65759.17009137302,294437.86176740966,83629.17572807673,140173.159733177,223802.3354612537,68103.90878701964,291906.2442482733,78522.81027229739,137912.5891861203,216435.3994584177,67266.48882808955,283701.8882865072,49412.1543307317,129276.58879613243,178688.74312686414,83337.57369380884,262026.31682067298,470879.16295991396,846208.0975332882,1317087.260493202,408711.6793615526,1725798.9398547544,32.67758608225269,58.724276047435396,91.40186212968807,28.36335122838334,32.67758608225269,87.08762727581873,119.76521335807142,3890.699716848633,1765123.7275259523,1769134.192456159
2.6,0.9980998466441829,0.9719404325870601,84862.5252918649,156330.09411122976,241192.61940309466,64525.841183233875,305718.4605863285,87068.43448805444,141221.03687948076,228289.47136753518,59718.6967780276,288008.16814556275,87384.06284888877,141294.62882714788,228678.69167603666,65759.17009137302,294437.86176740966,83629.17572807673,140173.159733177,223802.3354612537,68103.90878701964,291906.2442482733,78522.81027229739,137912.5891861203,216435.3994584177,67266.48882808955,283701.8882865072,49412.1543307317,129276.58879613243,178688.74312686414,83337.57369380884,262026.31682067298,470879.16295991396,846208.0975332882,1317087.260493202,408711.6793615526,1725798.9398547544,25.106090910333727,45.117684316687146,70.22377522702085,21.79147727341641,25.106090910333727,66.90916159010357,92.0152525004373,3267.3060481105817,1765775.5680125195,1769134.8893131306
2.65,0.9984075899855172,0.9742509909728045,84862.5252918649,156330.09411122976,241192.61940309466,64525.841183233875,305718.4605863285,87068.43448805444,141221.03687948076,228289.47136753518,59718.6967780276,288008.16814556275,87384.06284888877,141294.62882714788,228678.69167603666,65759.17009137302,294437.86176740966,83629.17572807673,140173.159733177,223802.3354612537,68103.90878701964,291906.2442482733,78522.81027229739,137912.5891861203,216435.3994584177,67266.48882808955,283701.8882865072,49412.1543307317,129276.58879613243,178688.74312686414,83337.57369380884,262026.31682067298,470879.16295991396,846208.0975332882,1317087.260493202,408711.6793615526,1725798.9398547544,19.307448824939783,34.697053561838075,54.00450238677786,16.758396748382243,19.307448824939783,51.455450310220314,70.7628991351601,2744.6518973320394,1766320.008205726,1769135.4230021932
2.7,0.9986647298833637,0.9763613777369291,84862.5252918649,156330.09411122976,241192.61940309466,64525.841183233875,305718.4605863285,87068.43448805444,141221.03687948076,228289.47136753518,59718.6967780276,288008.16814556275,87384.06284888877,141294.62882714788,228678.69167603666,65759.17009137302,294437.86176740966,83629.17572807673,140173.159733177,223802.3354612537,68103.90878701964,291906.2442482733,78522.81027229739,137912.5891861203,216435.3994584177,67266.48882808955,283701.8882865072,49412.1543307317,129276.58879613243,178688.74312686414,83337.57369380884,262026.31682067298,470879.16295991396,846208.0975332882,1317087.260493202,408711.6793615526,1725798.9398547544,14.862804428085177,26.709666616040032,41.5724710441252,12.900553338653772,14.862804428085177,39.610219954693804,54.47302438277898,2306.435084507861,1766774.9239646106,1769135.8320735013
2.75,0.9988796810412962,0.9782896243841412,84862.5252918649,156330.09411122976,241192.61940309466,64525.841183233875,305718.4605863285,87068.43448805444,141221.03687948076,228289.47136753518,59718.6967780276,288008.16814556275,87384.06284888877,141294.62882714788,228678.69167603666,65759.17009137302,294437.86176740966,83629.17572807673,140173.159733177,223802.3354612537,68103.90878701964,291906.2442482733,78522.81027229739,137912.5891861203,216435.3994584177,67266.48882808955,283701.8882865072,49412.1543307317,129276.58879613243,178688.74312686414,83337.57369380884,262026.31682067298,470879.16295991396,846208.0975332882,1317087.260493202,408711.6793615526,1725798.9398547544,11.452979820431896,20.58193487266257,32.03491469309446,9.940908378018808,11.452979820431896,30.522843250681376,41.97582307111327,1938.9680258369585,1767155.202054292,1769136.1459032001
2.8,0.9990594502780961,0.9800521004285865,84862.5252918649,156330.09411122976,241192.61940309466,64525.841183233875,305718.4605863285,87068.43448805444,141221.03687948076,228289.47136753518,59718.6967780276,288008.16814556275,87384.06284888877,141294.62882714788,228678.69167603666,65759.17009137302,294437.86176740966,83629.17572807673,140173.159733177,223802.3354612537,68103.90878701964,291906.2442482733,78522.81027229739,137912.5891861203,216435.3994584177,67266.48882808955,283701.8882865072,49412.1543307317,129276.58879613243,178688.74312686414,83337.57369380884,262026.31682067298,470879.16295991396,846208.0975332882,1317087.260493202,408711.6793615526,1725798.9398547544,8.834630803284751,15.876549043842491,24.711179847127237,7.66824501099702,8.834630803284751,23.54479405483951,32.37942485812426,1630.7689645478918,1767473.2384985304,1769136.3868879364
2.85,0.9992098719191842,0.9816636662014299,84862.5252918649,156330.09411122976,241192.61940309466,64525.841183233875,305718.4605863285,87068.43448805444,141221.03687948076,228289.47136753518,59718.6967780276,288008.16814556275,87384.06284888877,141294.62882714788,228678.69167603666,65759.17009137302,294437.86176740966,83629.17572807673,140173.159733177,223802.3354612537,68103.90878701964,291906.2442482733,78522.81027229739,137912.5891861203,216435.3994584177,67266.48882808955,283701.8882865072,49412.1543307317,129276.58879613243,178688.74312686414,83337.57369380884,262026.31682067298,470879.16295991396,846208.0975332882,1317087.260493202,408711.6793615526,1725798.9398547544,6.8221219086121465,12.259907117440873,19.082029026053014,5.921436159016188,6.8221219086121465,18.18134327645706,25.003465185069206,1372.2136283740765,1767739.3550194644,1769136.5721130236
2.9,0.9993358042503457,0.9831378123228678,84862.5252918649,156330.09411122976,241192.61940309466,64525.841183233875,305718.4605863285,87068.43448805444,141221.03687948076,228289.47136753518,59718.6967780276,288008.16814556275,87384.06284888877,141294.62882714788,228678.69167603666,65759.17009137302,294437.86176740966,83629.17572807673,140173.159733177,223802.3354612537,68103.90878701964,291906.2442482733,78522.81027229739,137912.5891861203,216435.3994584177,67266.48882808955,283701.8882865072,49412.1543307317,129276.58879613243,178688.74312686414,83337.57369380884,262026.31682067298,470879.16295991396,846208.0975332882,1317087.260493202,408711.6793615526,1725798.9398547544,5.273749334463933,9.477355853106795,14.751105187570728,4.577486362895437,5.273749334463933,14.054842216002232,19.328591550466165,1155.239437685482,1767962.146591205,1769136.714620441
2.95,0.9994412933045426,0.9844867868016784,84862.5252918649,156330.09411122976,241192.61940309466,64525.841183233875,305718.4605863285,87068.43448805444,141221.03687948076,228289.47136753518,59718.6967780276,288008.16814556275,87384.06284888877,141294.62882714788,228678.69167603666,65759.17009137302,294437.86176740966,83629.17572807673,140173.159733177,223802.3354612537,68103.90878701964,291906.2442482733,78522.81027229739,137912.5891861203,216435.3994584177,67266.48882808955,283701.8882865072,49412.1543307317,129276.58879613243,178688.74312686414,83337.57369380884,262026.31682067298,470879.16295991396,846208.0975332882,1317087.260493202,408711.6793615526,1725798.9398547544,4.0812679593659995,7.334369976597741,11.41563793596374,3.5424414856492112,4.0812679593659995,10.876811462246952,14.95807942161295,973.095092135318,1768148.7712011773,1769136.8243727342
3.0,0.999529709298178,0.985721710705317,84862.5252918649,156330.09411122976,241192.61940309466,64525.841183233875,305718.4605863285,87068.43448805444,141221.03687948076,228289.47136753518,59718.6967780276,288008.16814556275,87384.06284888877,141294.62882714788,228678.69167603666,65759.17009137302,294437.86176740966,83629.17572807673,140173.159733177,223802.3354612537,68103.90878701964,291906.2442482733,78522.81027229739,137912.5891861203,216435.3994584177,67266.48882808955,283701.8882865072,49412.1543307317,129276.58879613243,178688.74312686414,83337.57369380884,262026.31682067298,470879.16295991396,846208.0975332882,1317087.260493202,408711.6793615526,1725798.9398547544,3.161928478221255,5.682242266302431,8.844170744523685,2.744477139806976,3.161928478221255,8.426719406109408,11.588647884330662,820.1291134164771,1768305.1912245927,1769136.9089858935
3.05,0.9996038602069724,0.9868526833097695,84862.5252918649,156330.09411122976,241192.61940309466,64525.841183233875,305718.4605863285,87068.43448805444,141221.03687948076,228289.47136753518,59718.6967780276,288008.16814556275,87384.06284888877,141294.62882714788,228678.69167603666,65759.17009137302,294437.86176740966,83629.17572807673,140173.159733177,223802.3354612537,68103.90878701964,291906.2442482733,78522.81027229739,137912.5891861203,216435.3994584177,67266.48882808955,283701.8882865072,49412.1543307317,129276.58879613243,178688.74312686414,83337.57369380884,262026.31682067298,470879.16295991396,846208.0975332882,1317087.260493202,408711.6793615526,1725798.9398547544,2.452421231715236,4.40720012284056,6.859621354555795,2.1286420783957904,2.452421231715236,6.535842201236351,8.988263432951587,691.6116675558112,1768436.3743557548,1769136.9742867437
3.1,0.9996660862617271,0.9878888775954553,84862.5252918649,156330.09411122976,241192.61940309466,64525.841183233875,305718.4605863285,87068.43448805444,141221.03687948076,228289.47136753518,59718.6967780276,288008.16814556275,87384.06284888877,141294.62882714788,228678.69167603666,65759.17009137302,294437.86176740966,83629.17572807673,140173.159733177,223802.3354612537,68103.90878701964,291906.2442482733,78522.81027229739,137912.5891861203,216435.3994584177,67266.48882808955,283701.8882865072,49412.1543307317,129276.58879613243,178688.74312686414,83337.57369380884,262026.31682067298,470879.16295991396,846208.0975332882,1317087.260493202,408711.6793615526,1725798.9398547544,1.9042683703764878,3.4221249136613037,5.326393284037791,1.652858705234145,1.9042683703764878,5.074983618895448,6.979251989271936,583.5847010157919,1768546.4607840306,1769137.0247370356
3.15,0.9997183385380449,0.9888386269068714,84862.5252918649,156330.09411122976,241192.61940309466,64525.841183233875,305718.4605863285,87068.43448805444,141221.03687948076,228289.47136753518,59718.6967780276,288008.16814556275,87384.06284888877,141294.62882714788,228678.69167603666,65759.17009137302,294437.86176740966,83629.17572807673,140173.159733177,223802.3354612537,68103.90878701964,291906.2442482733,78522.81027229739,137912.5891861203,216435.3994584177,67266.48882808955,283701.8882865072,49412.1543307317,129276.58879613243,178688.74312686414,83337.57369380884,262026.31682067298,470879.16295991396,846208.0975332882,1317087.260493202,408711.6793615526,1725798.9398547544,1.4803163213295993,2.6602486509398475,4.140564972269446,1.2848786212450047,1.4803163213295993,3.9451272721848523,5.425443593514451,492.7360828269755,1768638.902229849,1769137.0637562694
3.2,0.9997622442990282,0.989709503542011,84862.5252918649,156330.09411122976,241192.61940309466,64525.841183233875,305718.4605863285,87068.43448805444,141221.03687948076,228289.47136753518,59718.6967780276,288008.16814556275,87384.06284888877,141294.62882714788,228678.69167603666,65759.17009137302,294437.86176740966,83629.17572807673,140173.159733177,223802.3354612537,68103.90878701964,291906.2442482733,78522.81027229739,137912.5891861203,216435.3994584177,67266.48882808955,283701.8882865072,49412.1543307317,129276.58879613243,178688.74312686414,83337.57369380884,262026.31682067298,470879.16295991396,846208.0975332882,1317087.260493202,408711.6793615526,1725798.9398547544,1.1520643547695317,2.0703532085755785,3.2224175633451098,0.9999638850244121,1.1520643547695317,3.0703170935999906,4.222381448369522,416.2940412169912,1768716.5775448987,1769137.0939675642
3.25,0.9997991613142404,0.9905083899847946,84862.5252918649,156330.09411122976,241192.61940309466,64525.841183233875,305718.4605863285,87068.43448805444,141221.03687948076,228289.47136753518,59718.6967780276,288008.16814556275,87384.06284888877,141294.62882714788,228678.69167603666,65759.17009137302,294437.86176740966,83629.17572807673,140173.159733177,223802.3354612537,68103.90878701964,291906.2442482733,78522.81027229739,137912.5891861203,216435.3994584177,67266.48882808955,283701.8882865072,49412.1543307317,129276.58879613243,178688.74312686414,83337.57369380884,262026.31682067298,470879.16295991396,846208.0975332882,1317087.260493202,408711.6793615526,1725798.9398547544,0.8976286991109435,1.6131116717743044,2.510740370885247,0.7791199142273181,0.8976286991109435,2.3922315860016226,3.289860285112566,351.93871492521987,1768781.8888098237,1769137.117385034
3.3,0.9998302230108964,0.9912415434412392,84862.5252918649,156330.09411122976,241192.61940309466,64525.841183233875,305718.4605863285,87068.43448805444,141221.03687948076,228289.47136753518,59718.6967780276,288008.16814556275,87384.06284888877,141294.62882714788,228678.69167603666,65759.17009137302,294437.86176740966,83629.17572807673,140173.159733177,223802.3354612537,68103.90878701964,291906.2442482733,78522.81027229739,137912.5891861203,216435.3994584177,67266.48882808955,283701.8882865072,49412.1543307317,129276.58879613243,178688.74312686414,83337.57369380884,262026.31682067298,470879.16295991396,846208.0975332882,1317087.260493202,408711.6793615526,1725798.9398547544,0.7001899619504166,1.2582982264271645,1.9584881883775807,0.6077478846631796,0.7001899619504166,1.8660461110903441,2.566236073040761,297.72810773805554,1768836.841212873,1769137.135556684
3.35,0.9998563760045283,0.9919146542888685,84862.5252918649,156330.09411122976,241192.61940309466,64525.841183233875,305718.4605863285,87068.43448805444,141221.03687948076,228289.47136753518,59718.6967780276,288008.16814556275,87384.06284888877,141294.62882714788,228678.69167603666,65759.17009137302,294437.86176740966,83629.17572807673,140173.159733177,223802.3354612537,68103.90878701964,291906.2442482733,78522.81027229739,137912.5891861203,216435.3994584177,67266.48882808955,283701.8882865072,49412.1543307317,129276.58879613243,178688.74312686414,83337.57369380884,262026.31682067298,470879.16295991396,846208.0975332882,1317087.260493202,408711.6793615526,1725798.9398547544,0.5468082659120151,0.982658861998261,1.529467127910276,0.474616296981278,0.5468082659120151,1.457275158979539,2.004083424891554,252.03614323712242,1768883.1094467985,1769137.1496734605
3.4,0.9998784112975635,0.9925328989996302,84862.5252918649,156330.09411122976,241192.61940309466,64525.841183233875,305718.4605863285,87068.43448805444,141221.03687948076,228289.47136753518,59718.6967780276,288008.16814556275,87384.06284888877,141294.62882714788,228678.69167603666,65759.17009137302,294437.86176740966,83629.17572807673,140173.159733177,223802.3354612537,68103.90878701964,291906.2442482733,78522.81027229739,137912.5891861203,216435.3994584177,67266.48882808955,283701.8882865072,49412.1543307317,129276.58879613243,178688.74312686414,83337.57369380884,262026.31682067298,470879.16295991396,846208.0975332882,1317087.260493202,408711.6793615526,1725798.9398547544,0.4275183124963795,0.7682851277685452,1.1958034402649247,0.3710755140657759,0.4275183124963795,1.1393606418343212,1.5668789543307007,213.500870164089,1768922.09290342,1769137.1606525385
3.45,0.9998969902177544,0.9931009880497882,84862.5252918649,156330.09411122976,241192.61940309466,64525.841183233875,305718.4605863285,87068.43448805444,141221.03687948076,228289.47136753518,59718.6967780276,288008.16814556275,87384.06284888877,141294.62882714788,228678.69167603666,65759.17009137302,294437.86176740966,83629.17572807673,140173.159733177,223802.3354612537,68103.90878701964,291906.2442482733,78522.81027229739,137912.5891861203,216435.3994584177,67266.48882808955,283701.8882865072,49412.1543307317,129276.58879613243,178688.74312686414,83337.57369380884,262026.31682067298,470879.16295991396,846208.0975332882,1317087.260493202,408711.6793615526,1725798.9398547544,0.33463767876642886,0.6013710858044529,0.9360087645708816,0.2904573793551408,0.33463767876642886,0.8918284651595937,1.2264661439260225,180.98117257494962,1768954.9615622654,1769137.1692009843
3.5,0.9999126659876076,0.9936232092861894,84862.5252918649,156330.09411122976,241192.61940309466,64525.841183233875,305718.4605863285,87068.43448805444,141221.03687948076,228289.47136753518,59718.6967780276,288008.16814556275,87384.06284888877,141294.62882714788,228678.69167603666,65759.17009137302,294437.86176740966,83629.17572807673,140173.159733177,223802.3354612537,68103.90878701964,291906.2442482733,78522.81027229739,137912.5891861203,216435.3994584177,67266.48882808955,283701.8882865072,49412.1543307317,129276.58879613243,178688.74312686414,83337.57369380884,262026.31682067298,470879.16295991396,846208.0975332882,1317087.260493202,408711.6793615526,1725798.9398547544,0.26223765331132587,0.4712623602099421,0.7335000135212678,0.22761591530825248,0.26223765331132587,0.6988782755181946,0.9611159288295205,153.5205986781271,1768982.6941498516,1769137.1758644585
